link;name;price;average rating;number of ratings
https://www.airbnb.com/experiences/742435?location=New%20York%2C%20United%20States&currentTab=experience_tab&federatedSearchId=fb9a8f77-70b8-494c-b4ea-1cdcf3384bed&searchId=953c8476-6ec9-40cd-a3a1-43f478d23017&sectionId=598cadf6-c503-4a2f-8aea-9047eeb226a8;World Trade Center Tour & Museum Ticket;63;0;0
https://www.airbnb.com/experiences/3664407?location=New%20York%2C%20United%20States&currentTab=experience_tab&federatedSearchId=fb9a8f77-70b8-494c-b4ea-1cdcf3384bed&searchId=953c8476-6ec9-40cd-a3a1-43f478d23017&sectionId=598cadf6-c503-4a2f-8aea-9047eeb226a8;West Village Speakeasy experience;28;0;0
https://www.airbnb.com/experiences/4288140?location=New%20York%2C%20United%20States&currentTab=experience_tab&federatedSearchId=0eaf44d1-67a1-4ffa-a17c-358a50807443&searchId=8e18fa11-fbce-42f3-bc6f-b64337a542cf&sectionId=932113b9-fd5f-453b-b031-3805bc80ca47;Walk-N-Dine, Hudson Yards at sunset;160;0;0
https://www.airbnb.com/experiences/3646788?location=New%20York%2C%20United%20States&currentTab=experience_tab&federatedSearchId=fb9a8f77-70b8-494c-b4ea-1cdcf3384bed&searchId=953c8476-6ec9-40cd-a3a1-43f478d23017&sectionId=598cadf6-c503-4a2f-8aea-9047eeb226a8;Visit Tribeca art galleries with an expert;48;0;0
https://www.airbnb.com/experiences/3417662?location=New%20York%2C%20United%20States&currentTab=experience_tab&federatedSearchId=fb9a8f77-70b8-494c-b4ea-1cdcf3384bed&searchId=953c8476-6ec9-40cd-a3a1-43f478d23017&sectionId=598cadf6-c503-4a2f-8aea-9047eeb226a8;Two hour nyc ferry experience;45;0;0
https://www.airbnb.com/experiences/4823601?location=New%20York%2C%20United%20States&currentTab=experience_tab&federatedSearchId=fb9a8f77-70b8-494c-b4ea-1cdcf3384bed&searchId=953c8476-6ec9-40cd-a3a1-43f478d23017&sectionId=598cadf6-c503-4a2f-8aea-9047eeb226a8;Times Square Donut Adventure by Underground Donut Tour;83;0;0
https://www.airbnb.com/experiences/2336395?location=New%20York%2C%20United%20States&currentTab=experience_tab&federatedSearchId=fb9a8f77-70b8-494c-b4ea-1cdcf3384bed&searchId=953c8476-6ec9-40cd-a3a1-43f478d23017&sectionId=598cadf6-c503-4a2f-8aea-9047eeb226a8;The Steakhouse;124;0;0
https://www.airbnb.com/experiences/4164596?location=New%20York%2C%20United%20States&currentTab=experience_tab&federatedSearchId=fb9a8f77-70b8-494c-b4ea-1cdcf3384bed&searchId=953c8476-6ec9-40cd-a3a1-43f478d23017&sectionId=598cadf6-c503-4a2f-8aea-9047eeb226a8;The New York City Scavenger Hunt;23;0;0
https://www.airbnb.com/experiences/4029481?location=New%20York%2C%20United%20States&currentTab=experience_tab&federatedSearchId=fb9a8f77-70b8-494c-b4ea-1cdcf3384bed&searchId=953c8476-6ec9-40cd-a3a1-43f478d23017&sectionId=598cadf6-c503-4a2f-8aea-9047eeb226a8;The Luxury Rooftop and Bar Crawl Lower East Side;33;0;0
https://www.airbnb.com/experiences/1495556?location=New%20York%2C%20United%20States&currentTab=experience_tab&federatedSearchId=fb9a8f77-70b8-494c-b4ea-1cdcf3384bed&searchId=953c8476-6ec9-40cd-a3a1-43f478d23017&sectionId=598cadf6-c503-4a2f-8aea-9047eeb226a8;The French Connection;124;0;0
https://www.airbnb.com/experiences/1216588?location=New%20York%2C%20United%20States&currentTab=experience_tab&federatedSearchId=fb9a8f77-70b8-494c-b4ea-1cdcf3384bed&searchId=953c8476-6ec9-40cd-a3a1-43f478d23017&sectionId=598cadf6-c503-4a2f-8aea-9047eeb226a8;The Flavors of Little Levant and Little Yemen in Bay Ridge;78;0;0
https://www.airbnb.com/experiences/3674134?location=New%20York%2C%20United%20States&currentTab=experience_tab&federatedSearchId=fb9a8f77-70b8-494c-b4ea-1cdcf3384bed&searchId=953c8476-6ec9-40cd-a3a1-43f478d23017&sectionId=598cadf6-c503-4a2f-8aea-9047eeb226a8;Terrarium Workshop, Sip and Plant;109;0;0
https://www.airbnb.com/experiences/3623131?location=New%20York%2C%20United%20States&currentTab=experience_tab&federatedSearchId=0eaf44d1-67a1-4ffa-a17c-358a50807443&searchId=8e18fa11-fbce-42f3-bc6f-b64337a542cf&sectionId=932113b9-fd5f-453b-b031-3805bc80ca47;Teen Vintage Tour With Nyc Personal Stylist & Photoshoot;457;0;0
https://www.airbnb.com/experiences/4466692?location=New%20York%2C%20United%20States&currentTab=experience_tab&federatedSearchId=fb9a8f77-70b8-494c-b4ea-1cdcf3384bed&searchId=953c8476-6ec9-40cd-a3a1-43f478d23017&sectionId=598cadf6-c503-4a2f-8aea-9047eeb226a8;Super stylish walking tour;60;0;0
https://www.airbnb.com/experiences/4863367?location=New%20York%2C%20United%20States&currentTab=experience_tab&federatedSearchId=fb9a8f77-70b8-494c-b4ea-1cdcf3384bed&searchId=953c8476-6ec9-40cd-a3a1-43f478d23017&sectionId=598cadf6-c503-4a2f-8aea-9047eeb226a8;Storybook Photo Shoot in Central Park;137;0;0
https://www.airbnb.com/experiences/3482610?location=New%20York%2C%20United%20States&currentTab=experience_tab&federatedSearchId=fb9a8f77-70b8-494c-b4ea-1cdcf3384bed&searchId=953c8476-6ec9-40cd-a3a1-43f478d23017&sectionId=598cadf6-c503-4a2f-8aea-9047eeb226a8;SoHo Photo Shoot;147;0;0
https://www.airbnb.com/experiences/700707?location=New%20York%2C%20United%20States&currentTab=experience_tab&federatedSearchId=fb9a8f77-70b8-494c-b4ea-1cdcf3384bed&searchId=953c8476-6ec9-40cd-a3a1-43f478d23017&sectionId=598cadf6-c503-4a2f-8aea-9047eeb226a8;Snacking in Flushing – From Anhui to Zhejiang;78;0;0
https://www.airbnb.com/experiences/669902?location=New%20York%2C%20United%20States&currentTab=experience_tab&federatedSearchId=fb9a8f77-70b8-494c-b4ea-1cdcf3384bed&searchId=953c8476-6ec9-40cd-a3a1-43f478d23017&sectionId=598cadf6-c503-4a2f-8aea-9047eeb226a8;Rising Star Energy Healing Session;147;0;0
https://www.airbnb.com/experiences/1207128?location=New%20York%2C%20United%20States&currentTab=experience_tab&federatedSearchId=fb9a8f77-70b8-494c-b4ea-1cdcf3384bed&searchId=953c8476-6ec9-40cd-a3a1-43f478d23017&sectionId=598cadf6-c503-4a2f-8aea-9047eeb226a8;Puerto Rican Cooking Class;115;0;0
https://www.airbnb.com/experiences/1236643?location=New%20York%2C%20United%20States&currentTab=experience_tab&federatedSearchId=0eaf44d1-67a1-4ffa-a17c-358a50807443&searchId=8e18fa11-fbce-42f3-bc6f-b64337a542cf&sectionId=932113b9-fd5f-453b-b031-3805bc80ca47;Private Yacht Charter NYC Skyline;293;0;0
https://www.airbnb.com/experiences/4560533?location=New%20York%2C%20United%20States&currentTab=experience_tab&federatedSearchId=fb9a8f77-70b8-494c-b4ea-1cdcf3384bed&searchId=953c8476-6ec9-40cd-a3a1-43f478d23017&sectionId=598cadf6-c503-4a2f-8aea-9047eeb226a8;Private NewYorkCity Helicopter Tour from Westchester for Two;794;0;0
https://www.airbnb.com/experiences/278796?location=New%20York%2C%20United%20States&currentTab=experience_tab&federatedSearchId=fb9a8f77-70b8-494c-b4ea-1cdcf3384bed&searchId=953c8476-6ec9-40cd-a3a1-43f478d23017&sectionId=598cadf6-c503-4a2f-8aea-9047eeb226a8;Play with a Dolphin on Rockaway Beach;23;0;0
https://www.airbnb.com/experiences/4696077?location=New%20York%2C%20United%20States&currentTab=experience_tab&federatedSearchId=fb9a8f77-70b8-494c-b4ea-1cdcf3384bed&searchId=953c8476-6ec9-40cd-a3a1-43f478d23017&sectionId=598cadf6-c503-4a2f-8aea-9047eeb226a8;Play tennis in New York whit beautiful views and places;51;0;0
https://www.airbnb.com/experiences/3656164?location=New%20York%2C%20United%20States&currentTab=experience_tab&federatedSearchId=fb9a8f77-70b8-494c-b4ea-1cdcf3384bed&searchId=953c8476-6ec9-40cd-a3a1-43f478d23017&sectionId=598cadf6-c503-4a2f-8aea-9047eeb226a8;Picture The City;110;0;0
https://www.airbnb.com/experiences/820923?location=New%20York%2C%20United%20States&currentTab=experience_tab&federatedSearchId=fb9a8f77-70b8-494c-b4ea-1cdcf3384bed&searchId=953c8476-6ec9-40cd-a3a1-43f478d23017&sectionId=598cadf6-c503-4a2f-8aea-9047eeb226a8;Peace of Heaven in the Great South Bay;183;0;0
https://www.airbnb.com/experiences/3777246?location=New%20York%2C%20United%20States&currentTab=experience_tab&federatedSearchId=fb9a8f77-70b8-494c-b4ea-1cdcf3384bed&searchId=953c8476-6ec9-40cd-a3a1-43f478d23017&sectionId=598cadf6-c503-4a2f-8aea-9047eeb226a8;Parisian Picnic in Central Park;110;0;0
https://www.airbnb.com/experiences/579300?location=New%20York%2C%20United%20States&currentTab=experience_tab&federatedSearchId=fb9a8f77-70b8-494c-b4ea-1cdcf3384bed&searchId=953c8476-6ec9-40cd-a3a1-43f478d23017&sectionId=598cadf6-c503-4a2f-8aea-9047eeb226a8;Niagara Falls Tour from New York City;183;0;0
https://www.airbnb.com/experiences/3166506?location=New%20York%2C%20United%20States&currentTab=experience_tab&federatedSearchId=fb9a8f77-70b8-494c-b4ea-1cdcf3384bed&searchId=953c8476-6ec9-40cd-a3a1-43f478d23017&sectionId=598cadf6-c503-4a2f-8aea-9047eeb226a8;New York smoke shop tour;19;0;0
https://www.airbnb.com/experiences/4619112?location=New%20York%2C%20United%20States&currentTab=experience_tab&federatedSearchId=fb9a8f77-70b8-494c-b4ea-1cdcf3384bed&searchId=953c8476-6ec9-40cd-a3a1-43f478d23017&sectionId=598cadf6-c503-4a2f-8aea-9047eeb226a8;New York City Running Tour - Two Bridges Experience;42;0;0
https://www.airbnb.com/experiences/1154871?location=New%20York%2C%20United%20States&currentTab=experience_tab&federatedSearchId=fb9a8f77-70b8-494c-b4ea-1cdcf3384bed&searchId=953c8476-6ec9-40cd-a3a1-43f478d23017&sectionId=598cadf6-c503-4a2f-8aea-9047eeb226a8;Music Production sessions/writing camps with Tweek Tune;457;0;0
https://www.airbnb.com/experiences/4020137?location=New%20York%2C%20United%20States&currentTab=experience_tab&federatedSearchId=fb9a8f77-70b8-494c-b4ea-1cdcf3384bed&searchId=953c8476-6ec9-40cd-a3a1-43f478d23017&sectionId=598cadf6-c503-4a2f-8aea-9047eeb226a8;Mosaic Lamp Workshop and Sip;136;0;0
https://www.airbnb.com/experiences/1395119?location=New%20York%2C%20United%20States&currentTab=experience_tab&federatedSearchId=fb9a8f77-70b8-494c-b4ea-1cdcf3384bed&searchId=953c8476-6ec9-40cd-a3a1-43f478d23017&sectionId=598cadf6-c503-4a2f-8aea-9047eeb226a8;Midtown Manhattan Guided Walking Tour;86;0;0
https://www.airbnb.com/experiences/4296630?location=New%20York%2C%20United%20States&currentTab=experience_tab&federatedSearchId=fb9a8f77-70b8-494c-b4ea-1cdcf3384bed&searchId=953c8476-6ec9-40cd-a3a1-43f478d23017&sectionId=598cadf6-c503-4a2f-8aea-9047eeb226a8;Mexican Churros & Chocolate dipping Sauce Class in Manhattan;69;0;0
https://www.airbnb.com/experiences/661879?location=New%20York%2C%20United%20States&currentTab=experience_tab&federatedSearchId=fb9a8f77-70b8-494c-b4ea-1cdcf3384bed&searchId=953c8476-6ec9-40cd-a3a1-43f478d23017&sectionId=598cadf6-c503-4a2f-8aea-9047eeb226a8;Learn to make Donuts from Scratch;87;0;0
https://www.airbnb.com/experiences/3896425?location=New%20York%2C%20United%20States&currentTab=experience_tab&federatedSearchId=fb9a8f77-70b8-494c-b4ea-1cdcf3384bed&searchId=953c8476-6ec9-40cd-a3a1-43f478d23017&sectionId=598cadf6-c503-4a2f-8aea-9047eeb226a8;Intro Sailing Lesson with Brooklyn Sail;169;0;0
https://www.airbnb.com/experiences/4625130?location=New%20York%2C%20United%20States&currentTab=experience_tab&federatedSearchId=fb9a8f77-70b8-494c-b4ea-1cdcf3384bed&searchId=953c8476-6ec9-40cd-a3a1-43f478d23017&sectionId=598cadf6-c503-4a2f-8aea-9047eeb226a8;Indian Chicken Masala, Rice, Naan making class in Manhattan;115;0;0
https://www.airbnb.com/experiences/1597047?location=New%20York%2C%20United%20States&currentTab=experience_tab&federatedSearchId=0eaf44d1-67a1-4ffa-a17c-358a50807443&searchId=8e18fa11-fbce-42f3-bc6f-b64337a542cf&sectionId=932113b9-fd5f-453b-b031-3805bc80ca47;In FRENCH PLEASE Grand Central Terminal;42;0;0
https://www.airbnb.com/experiences/3773041?location=New%20York%2C%20United%20States&currentTab=experience_tab&federatedSearchId=fb9a8f77-70b8-494c-b4ea-1cdcf3384bed&searchId=953c8476-6ec9-40cd-a3a1-43f478d23017&sectionId=598cadf6-c503-4a2f-8aea-9047eeb226a8;Hell Gate Walking Tour;36;0;0
https://www.airbnb.com/experiences/4449831?location=New%20York%2C%20United%20States&currentTab=experience_tab&federatedSearchId=fb9a8f77-70b8-494c-b4ea-1cdcf3384bed&searchId=953c8476-6ec9-40cd-a3a1-43f478d23017&sectionId=598cadf6-c503-4a2f-8aea-9047eeb226a8;Get A Taste Of Japan At Japan Village;29;0;0
https://www.airbnb.com/experiences/4553917?location=New%20York%2C%20United%20States&currentTab=experience_tab&federatedSearchId=fb9a8f77-70b8-494c-b4ea-1cdcf3384bed&searchId=953c8476-6ec9-40cd-a3a1-43f478d23017&sectionId=598cadf6-c503-4a2f-8aea-9047eeb226a8;Fifth Avenue Gilded Age Mansions Tour;36;0;0
https://www.airbnb.com/experiences/2481370?location=New%20York%2C%20United%20States&currentTab=experience_tab&federatedSearchId=fb9a8f77-70b8-494c-b4ea-1cdcf3384bed&searchId=953c8476-6ec9-40cd-a3a1-43f478d23017&sectionId=598cadf6-c503-4a2f-8aea-9047eeb226a8;Experience the hidden gems in New York like a Vip local;64;0;0
https://www.airbnb.com/experiences/681535?location=New%20York%2C%20United%20States&currentTab=experience_tab&federatedSearchId=fb9a8f77-70b8-494c-b4ea-1cdcf3384bed&searchId=953c8476-6ec9-40cd-a3a1-43f478d23017&sectionId=598cadf6-c503-4a2f-8aea-9047eeb226a8;Experience the art of miniature nature with Bonsai making;119;0;0
https://www.airbnb.com/experiences/4215483?location=New%20York%2C%20United%20States&currentTab=experience_tab&federatedSearchId=fb9a8f77-70b8-494c-b4ea-1cdcf3384bed&searchId=953c8476-6ec9-40cd-a3a1-43f478d23017&sectionId=598cadf6-c503-4a2f-8aea-9047eeb226a8;Experience New York City from a local's perspective;69;0;0
https://www.airbnb.com/experiences/1215456?location=New%20York%2C%20United%20States&currentTab=experience_tab&federatedSearchId=0eaf44d1-67a1-4ffa-a17c-358a50807443&searchId=8e18fa11-fbce-42f3-bc6f-b64337a542cf&sectionId=932113b9-fd5f-453b-b031-3805bc80ca47;Ethnic Eats in Elmhurst;78;0;0
https://www.airbnb.com/experiences/4390788?location=New%20York%2C%20United%20States&currentTab=experience_tab&federatedSearchId=fb9a8f77-70b8-494c-b4ea-1cdcf3384bed&searchId=953c8476-6ec9-40cd-a3a1-43f478d23017&sectionId=598cadf6-c503-4a2f-8aea-9047eeb226a8;Empanada Cooking Class From Scratch;87;0;0
https://www.airbnb.com/experiences/1182860?location=New%20York%2C%20United%20States&currentTab=experience_tab&federatedSearchId=fb9a8f77-70b8-494c-b4ea-1cdcf3384bed&searchId=953c8476-6ec9-40cd-a3a1-43f478d23017&sectionId=598cadf6-c503-4a2f-8aea-9047eeb226a8;Downtown Rooftop Bar & Lounge Tour;32;0;0
https://www.airbnb.com/experiences/4496855?location=New%20York%2C%20United%20States&currentTab=experience_tab&federatedSearchId=fb9a8f77-70b8-494c-b4ea-1cdcf3384bed&searchId=953c8476-6ec9-40cd-a3a1-43f478d23017&sectionId=598cadf6-c503-4a2f-8aea-9047eeb226a8;Come and explore the real Coney Island with me;45;0;0
https://www.airbnb.com/experiences/1515347?location=New%20York%2C%20United%20States&currentTab=experience_tab&federatedSearchId=fb9a8f77-70b8-494c-b4ea-1cdcf3384bed&searchId=953c8476-6ec9-40cd-a3a1-43f478d23017&sectionId=598cadf6-c503-4a2f-8aea-9047eeb226a8;Coffee shops, streets of SoHo & portraits;42;0;0
https://www.airbnb.com/experiences/3762084?location=New%20York%2C%20United%20States&currentTab=experience_tab&federatedSearchId=fb9a8f77-70b8-494c-b4ea-1cdcf3384bed&searchId=953c8476-6ec9-40cd-a3a1-43f478d23017&sectionId=598cadf6-c503-4a2f-8aea-9047eeb226a8;Central Park Photo Session & Walk;63;0;0
https://www.airbnb.com/experiences/4682316?location=New%20York%2C%20United%20States&currentTab=experience_tab&federatedSearchId=fb9a8f77-70b8-494c-b4ea-1cdcf3384bed&searchId=953c8476-6ec9-40cd-a3a1-43f478d23017&sectionId=598cadf6-c503-4a2f-8aea-9047eeb226a8;Central Park Pedicab Tour;35;0;0
https://www.airbnb.com/experiences/4134708?location=New%20York%2C%20United%20States&currentTab=experience_tab&federatedSearchId=0eaf44d1-67a1-4ffa-a17c-358a50807443&searchId=8e18fa11-fbce-42f3-bc6f-b64337a542cf&sectionId=932113b9-fd5f-453b-b031-3805bc80ca47;Brooklyn Heights, Brooklyn Bridge, and Dumbo Food Tour;72;0;0
https://www.airbnb.com/experiences/4581340?location=New%20York%2C%20United%20States&currentTab=experience_tab&federatedSearchId=fb9a8f77-70b8-494c-b4ea-1cdcf3384bed&searchId=953c8476-6ec9-40cd-a3a1-43f478d23017&sectionId=598cadf6-c503-4a2f-8aea-9047eeb226a8;Brooklyn Dyker Heights – Christmas Wonderland Tour;55;0;0
https://www.airbnb.com/experiences/1137127?location=New%20York%2C%20United%20States&currentTab=experience_tab&federatedSearchId=fb9a8f77-70b8-494c-b4ea-1cdcf3384bed&searchId=953c8476-6ec9-40cd-a3a1-43f478d23017&sectionId=598cadf6-c503-4a2f-8aea-9047eeb226a8;Brooklyn Bridge & Central Park Photo Shoot;70;0;0
https://www.airbnb.com/experiences/3898172?location=New%20York%2C%20United%20States&currentTab=experience_tab&federatedSearchId=fb9a8f77-70b8-494c-b4ea-1cdcf3384bed&searchId=953c8476-6ec9-40cd-a3a1-43f478d23017&sectionId=598cadf6-c503-4a2f-8aea-9047eeb226a8;Beginner's Outdoor Yoga Trapeze;69;0;0
https://www.airbnb.com/experiences/4464922?location=New%20York%2C%20United%20States&currentTab=experience_tab&federatedSearchId=fb9a8f77-70b8-494c-b4ea-1cdcf3384bed&searchId=953c8476-6ec9-40cd-a3a1-43f478d23017&sectionId=598cadf6-c503-4a2f-8aea-9047eeb226a8;Beautiful walking tour Soho Chinatown and TriBeCa;60;0;0
https://www.airbnb.com/experiences/1512267?location=New%20York%2C%20United%20States&currentTab=experience_tab&federatedSearchId=fb9a8f77-70b8-494c-b4ea-1cdcf3384bed&searchId=953c8476-6ec9-40cd-a3a1-43f478d23017&sectionId=598cadf6-c503-4a2f-8aea-9047eeb226a8;At Home Kimchi Making with Soju Cocktails;92;0;0
https://www.airbnb.com/experiences/1234128?location=New%20York%2C%20United%20States&currentTab=experience_tab&federatedSearchId=fb9a8f77-70b8-494c-b4ea-1cdcf3384bed&searchId=953c8476-6ec9-40cd-a3a1-43f478d23017&sectionId=598cadf6-c503-4a2f-8aea-9047eeb226a8;Aprende Street Photography en New York;137;0;0
https://www.airbnb.com/experiences/1063170?location=New%20York%2C%20United%20States&currentTab=experience_tab&federatedSearchId=fb9a8f77-70b8-494c-b4ea-1cdcf3384bed&searchId=953c8476-6ec9-40cd-a3a1-43f478d23017&sectionId=598cadf6-c503-4a2f-8aea-9047eeb226a8;An Insomniac's Food & Cocktail Crawl;63;0;0
https://www.airbnb.com/experiences/661863?location=New%20York%2C%20United%20States&currentTab=experience_tab&federatedSearchId=0eaf44d1-67a1-4ffa-a17c-358a50807443&searchId=8e18fa11-fbce-42f3-bc6f-b64337a542cf&sectionId=932113b9-fd5f-453b-b031-3805bc80ca47;All Natural Soap Making Class;273;0;0
https://www.airbnb.com/experiences/201641?location=New%20York%2C%20United%20States&currentTab=experience_tab&federatedSearchId=fb9a8f77-70b8-494c-b4ea-1cdcf3384bed&searchId=953c8476-6ec9-40cd-a3a1-43f478d23017&sectionId=598cadf6-c503-4a2f-8aea-9047eeb226a8;A walk in the NYC flower market;119;0;0
https://www.airbnb.com/experiences/1364471?location=New%20York%2C%20United%20States&currentTab=experience_tab&federatedSearchId=fb9a8f77-70b8-494c-b4ea-1cdcf3384bed&searchId=953c8476-6ec9-40cd-a3a1-43f478d23017&sectionId=598cadf6-c503-4a2f-8aea-9047eeb226a8;A Tour of Classic Italian dishes;124;0;0
https://www.airbnb.com/experiences/3358733?location=New%20York%2C%20United%20States&currentTab=experience_tab&federatedSearchId=fb9a8f77-70b8-494c-b4ea-1cdcf3384bed&searchId=953c8476-6ec9-40cd-a3a1-43f478d23017&sectionId=598cadf6-c503-4a2f-8aea-9047eeb226a8;A Hip Hop Dance Experience with a B Boy;30;0;0
https://www.airbnb.com/experiences/281220?location=New%20York%2C%20United%20States&currentTab=experience_tab&federatedSearchId=44796828-c0df-4309-95ba-967f5eb6947d&searchId=e72b11ed-167b-47d4-b038-e7066f83feca&sectionId=e43ffeda-c498-4a35-80d5-36c5542f57f3;Pro photo/video shoot by NYC male model;136;5;389
https://www.airbnb.com/experiences/3720501?location=New%20York%2C%20United%20States&currentTab=experience_tab&federatedSearchId=44796828-c0df-4309-95ba-967f5eb6947d&searchId=e72b11ed-167b-47d4-b038-e7066f83feca&sectionId=e43ffeda-c498-4a35-80d5-36c5542f57f3;Brooklyn Bridge & Dumbo Professional Photoshoot;55;5;61
https://www.airbnb.com/experiences/4304705?location=New%20York%2C%20United%20States&currentTab=experience_tab&federatedSearchId=68bdb554-b339-4041-9694-e5f2c40cf4d7&searchId=885ac543-a5b1-4f6f-96c4-f1449b6fcbc3&sectionId=52cca717-b38f-4c47-9bb5-232dee5f1bfd;Art as Divination- intuit inner guidance through painting;51;5;52
https://www.airbnb.com/experiences/4449679?location=New%20York%2C%20United%20States&currentTab=experience_tab&federatedSearchId=68bdb554-b339-4041-9694-e5f2c40cf4d7&searchId=885ac543-a5b1-4f6f-96c4-f1449b6fcbc3&sectionId=52cca717-b38f-4c47-9bb5-232dee5f1bfd;Niche Fragrance Tour of SoHo and NoLita;46;5;27
https://www.airbnb.com/experiences/796520?location=New%20York%2C%20United%20States&currentTab=experience_tab&federatedSearchId=5ede4bf8-0001-4f11-9d73-3cd9f37387d5&searchId=7f3a971f-a0a1-4920-912d-bf3bb2ba830e&sectionId=682e1afc-c097-460b-a047-d497557c9559;The Beers, Burgers and Buns Experience;54;5;124
https://www.airbnb.com/experiences/2158834?location=New%20York%2C%20United%20States&currentTab=experience_tab&federatedSearchId=5ede4bf8-0001-4f11-9d73-3cd9f37387d5&searchId=7f3a971f-a0a1-4920-912d-bf3bb2ba830e&sectionId=682e1afc-c097-460b-a047-d497557c9559;NYC's Off The Beaten Path Food Tour;63;5;158
https://www.airbnb.com/experiences/2456270?location=New%20York%2C%20United%20States&currentTab=experience_tab&federatedSearchId=5ede4bf8-0001-4f11-9d73-3cd9f37387d5&searchId=7f3a971f-a0a1-4920-912d-bf3bb2ba830e&sectionId=682e1afc-c097-460b-a047-d497557c9559;Manhattan Skyline Kayak Tour;46;5;12
https://www.airbnb.com/experiences/4845026?location=New%20York%2C%20United%20States&currentTab=experience_tab&federatedSearchId=3e5c0aa3-088c-4916-9313-cf48aba06e7b&searchId=597d2331-e72c-461e-bb4a-e7e6be450f81&sectionId=f9856952-954e-479f-ac04-c59da751a55b;One hour power walk with an expat, fifty five blocks walk;18;5;8
https://www.airbnb.com/experiences/4401103?location=New%20York%2C%20United%20States&currentTab=experience_tab&federatedSearchId=3e5c0aa3-088c-4916-9313-cf48aba06e7b&searchId=597d2331-e72c-461e-bb4a-e7e6be450f81&sectionId=f9856952-954e-479f-ac04-c59da751a55b;New York City - Couples' Photo session;74;5;4
https://www.airbnb.com/experiences/3416324?location=New%20York%2C%20United%20States&currentTab=experience_tab&federatedSearchId=3e5c0aa3-088c-4916-9313-cf48aba06e7b&searchId=597d2331-e72c-461e-bb4a-e7e6be450f81&sectionId=f9856952-954e-479f-ac04-c59da751a55b;Iconic Photo Shoot in the Central Park;183;5;45
https://www.airbnb.com/experiences/679086?location=New%20York%2C%20United%20States&currentTab=experience_tab&federatedSearchId=3e5c0aa3-088c-4916-9313-cf48aba06e7b&searchId=597d2331-e72c-461e-bb4a-e7e6be450f81&sectionId=f9856952-954e-479f-ac04-c59da751a55b;Soft Pretzel Making Class Manhattan Vegan No Gluten Options;87;5;43
https://www.airbnb.com/experiences/829385?location=New%20York%2C%20United%20States&currentTab=experience_tab&federatedSearchId=3e5c0aa3-088c-4916-9313-cf48aba06e7b&searchId=597d2331-e72c-461e-bb4a-e7e6be450f81&sectionId=f9856952-954e-479f-ac04-c59da751a55b;Trendy photography in local area with;55;5;8
https://www.airbnb.com/experiences/279031?location=New%20York%2C%20United%20States&currentTab=experience_tab&federatedSearchId=96101f26-db0f-4bc8-8ab1-9eee4df23b17&searchId=ccf4c5f4-145e-48a9-91bf-e40e90cd8087&sectionId=44999ff3-4004-4be4-b67b-d66562a0dc52;Drink & Draw with a Gorgeous Male Model;73;5;92
https://www.airbnb.com/experiences/952800?location=New%20York%2C%20United%20States&currentTab=experience_tab&federatedSearchId=96101f26-db0f-4bc8-8ab1-9eee4df23b17&searchId=ccf4c5f4-145e-48a9-91bf-e40e90cd8087&sectionId=44999ff3-4004-4be4-b67b-d66562a0dc52;Learn Drums or Perc with the Best!;69;5;55
https://www.airbnb.com/experiences/679084?location=New%20York%2C%20United%20States&currentTab=experience_tab&federatedSearchId=96101f26-db0f-4bc8-8ab1-9eee4df23b17&searchId=ccf4c5f4-145e-48a9-91bf-e40e90cd8087&sectionId=44999ff3-4004-4be4-b67b-d66562a0dc52;Fresh Pasta & Sauce Making Class;115;5;28
https://www.airbnb.com/experiences/1753409?location=New%20York%2C%20United%20States&currentTab=experience_tab&federatedSearchId=96101f26-db0f-4bc8-8ab1-9eee4df23b17&searchId=ccf4c5f4-145e-48a9-91bf-e40e90cd8087&sectionId=44999ff3-4004-4be4-b67b-d66562a0dc52;New York Sailing Tour with Brooklyn Sail;77;5;25
https://www.airbnb.com/experiences/3712985?location=New%20York%2C%20United%20States&currentTab=experience_tab&federatedSearchId=96101f26-db0f-4bc8-8ab1-9eee4df23b17&searchId=ccf4c5f4-145e-48a9-91bf-e40e90cd8087&sectionId=44999ff3-4004-4be4-b67b-d66562a0dc52;Tour & Photo Session at four iconic locations;160;5;58
https://www.airbnb.com/experiences/1329564?location=New%20York%2C%20United%20States&currentTab=experience_tab&federatedSearchId=96101f26-db0f-4bc8-8ab1-9eee4df23b17&searchId=ccf4c5f4-145e-48a9-91bf-e40e90cd8087&sectionId=44999ff3-4004-4be4-b67b-d66562a0dc52;Trendy high quality time square shoot;55;5;3
https://www.airbnb.com/experiences/3490103?location=New%20York%2C%20United%20States&currentTab=experience_tab&federatedSearchId=763e5883-cd15-41cc-90c2-9273bfebac1d&searchId=600e29fb-d46b-466a-9313-53109c05a7c8&sectionId=480e00d6-4226-4874-884d-245433a01fc5;Discover the Taste of Jersey City with Private Chef Cintia;107;5;4
https://www.airbnb.com/experiences/3749898?location=New%20York%2C%20United%20States&currentTab=experience_tab&federatedSearchId=763e5883-cd15-41cc-90c2-9273bfebac1d&searchId=600e29fb-d46b-466a-9313-53109c05a7c8&sectionId=480e00d6-4226-4874-884d-245433a01fc5;The Psychiatric History of New York Walking Tour;39;5;8
https://www.airbnb.com/experiences/387115?location=New%20York%2C%20United%20States&currentTab=experience_tab&federatedSearchId=763e5883-cd15-41cc-90c2-9273bfebac1d&searchId=600e29fb-d46b-466a-9313-53109c05a7c8&sectionId=480e00d6-4226-4874-884d-245433a01fc5;Kratky Hydroponics in a Art Studio /Hidden Indoor Farm;30;5;8
https://www.airbnb.com/experiences/3478800?location=New%20York%2C%20United%20States&currentTab=experience_tab&federatedSearchId=763e5883-cd15-41cc-90c2-9273bfebac1d&searchId=600e29fb-d46b-466a-9313-53109c05a7c8&sectionId=480e00d6-4226-4874-884d-245433a01fc5;Ferry, Lower Manhattan, SoHo & Midtown grand tour & photos;55;5;150
https://www.airbnb.com/experiences/3139107?location=New%20York%2C%20United%20States&currentTab=experience_tab&federatedSearchId=763e5883-cd15-41cc-90c2-9273bfebac1d&searchId=600e29fb-d46b-466a-9313-53109c05a7c8&sectionId=480e00d6-4226-4874-884d-245433a01fc5;Quick Central Park Editorial Photo Session;137;5;30
https://www.airbnb.com/experiences/4079305?location=New%20York%2C%20United%20States&currentTab=experience_tab&federatedSearchId=763e5883-cd15-41cc-90c2-9273bfebac1d&searchId=600e29fb-d46b-466a-9313-53109c05a7c8&sectionId=480e00d6-4226-4874-884d-245433a01fc5;Private Photo Shoot in the Metropolitan Museum of Art;229;5;19
https://www.airbnb.com/experiences/2641226?location=New%20York%2C%20United%20States&currentTab=experience_tab&federatedSearchId=763e5883-cd15-41cc-90c2-9273bfebac1d&searchId=600e29fb-d46b-466a-9313-53109c05a7c8&sectionId=480e00d6-4226-4874-884d-245433a01fc5;Introduction to Urban Sketching;55;5;12
https://www.airbnb.com/experiences/2201461?location=New%20York%2C%20United%20States&currentTab=experience_tab&federatedSearchId=5591d7ff-0e73-4ddf-90f3-6d8985771231&searchId=42ce9647-9b1b-47fb-9da8-5e1c24efb645&sectionId=c177fc47-35e6-43a0-8ee9-e7131eae0a49;Central Park photo walk;22;5;75
https://www.airbnb.com/experiences/2599805?location=New%20York%2C%20United%20States&currentTab=experience_tab&federatedSearchId=5591d7ff-0e73-4ddf-90f3-6d8985771231&searchId=42ce9647-9b1b-47fb-9da8-5e1c24efb645&sectionId=c177fc47-35e6-43a0-8ee9-e7131eae0a49;The Cupcake Tour of New York City;64;5;3
https://www.airbnb.com/experiences/1097192?location=New%20York%2C%20United%20States&currentTab=experience_tab&federatedSearchId=5591d7ff-0e73-4ddf-90f3-6d8985771231&searchId=42ce9647-9b1b-47fb-9da8-5e1c24efb645&sectionId=c177fc47-35e6-43a0-8ee9-e7131eae0a49;New York City Running Tour - Highlights of Central Park;42;5;3
https://www.airbnb.com/experiences/3090265?location=New%20York%2C%20United%20States&currentTab=experience_tab&federatedSearchId=5591d7ff-0e73-4ddf-90f3-6d8985771231&searchId=42ce9647-9b1b-47fb-9da8-5e1c24efb645&sectionId=c177fc47-35e6-43a0-8ee9-e7131eae0a49;Coffee, Dessert, and Photo Session in Central Park;137;5;24
https://www.airbnb.com/experiences/4137748?location=New%20York%2C%20United%20States&currentTab=experience_tab&federatedSearchId=5591d7ff-0e73-4ddf-90f3-6d8985771231&searchId=42ce9647-9b1b-47fb-9da8-5e1c24efb645&sectionId=c177fc47-35e6-43a0-8ee9-e7131eae0a49;Immigrant New York Food Tour- Lower East Side;72;5;5
https://www.airbnb.com/experiences/3421445?location=New%20York%2C%20United%20States&currentTab=experience_tab&federatedSearchId=14360057-058b-4163-ab0a-f726bcc5d8f0&searchId=0da25746-4218-45de-b7ec-5e9d16ffe4f8&sectionId=a327a493-fdbb-4aae-8e58-8415d75a137b;Williamsburg Vintage Shopping Tour With New York Stylist;192;5;13
https://www.airbnb.com/experiences/1505659?location=New%20York%2C%20United%20States&currentTab=experience_tab&federatedSearchId=14360057-058b-4163-ab0a-f726bcc5d8f0&searchId=0da25746-4218-45de-b7ec-5e9d16ffe4f8&sectionId=a327a493-fdbb-4aae-8e58-8415d75a137b;Central Park & Fifth Avenue Walking Tour;37;5;12
https://www.airbnb.com/experiences/3479508?location=New%20York%2C%20United%20States&currentTab=experience_tab&federatedSearchId=14360057-058b-4163-ab0a-f726bcc5d8f0&searchId=0da25746-4218-45de-b7ec-5e9d16ffe4f8&sectionId=a327a493-fdbb-4aae-8e58-8415d75a137b;Upper East Side Photo Shoot;147;5;6
https://www.airbnb.com/experiences/2910603?location=New%20York%2C%20United%20States&currentTab=experience_tab&federatedSearchId=14360057-058b-4163-ab0a-f726bcc5d8f0&searchId=0da25746-4218-45de-b7ec-5e9d16ffe4f8&sectionId=a327a493-fdbb-4aae-8e58-8415d75a137b;Bushwick Vintage Shop Tour With Personal Wardrobe Stylist Ny;192;5;8
https://www.airbnb.com/experiences/1496468?location=New%20York%2C%20United%20States&currentTab=experience_tab&federatedSearchId=14360057-058b-4163-ab0a-f726bcc5d8f0&searchId=0da25746-4218-45de-b7ec-5e9d16ffe4f8&sectionId=a327a493-fdbb-4aae-8e58-8415d75a137b;Discover the Secrets of Penn Station and Grand Central;74;5;13
https://www.airbnb.com/experiences/187682?location=New%20York%2C%20United%20States&currentTab=experience_tab&federatedSearchId=14360057-058b-4163-ab0a-f726bcc5d8f0&searchId=0da25746-4218-45de-b7ec-5e9d16ffe4f8&sectionId=a327a493-fdbb-4aae-8e58-8415d75a137b;Stunning New York Skyline/Private tour;69;5;15
https://www.airbnb.com/experiences/1262410?location=New%20York%2C%20United%20States&currentTab=experience_tab&federatedSearchId=14360057-058b-4163-ab0a-f726bcc5d8f0&searchId=0da25746-4218-45de-b7ec-5e9d16ffe4f8&sectionId=a327a493-fdbb-4aae-8e58-8415d75a137b;Learn photography from nyc pro;58;5;8
https://www.airbnb.com/experiences/3282091?location=New%20York%2C%20United%20States&currentTab=experience_tab&federatedSearchId=14360057-058b-4163-ab0a-f726bcc5d8f0&searchId=0da25746-4218-45de-b7ec-5e9d16ffe4f8&sectionId=a327a493-fdbb-4aae-8e58-8415d75a137b;Instagrammable Flower and Coffee Photo Session with Lattes;147;5;10
https://www.airbnb.com/experiences/3123118?location=New%20York%2C%20United%20States&currentTab=experience_tab&federatedSearchId=031742ae-c760-4d1c-9d66-43aab4b745fe&searchId=f875ebf6-347c-421a-b33d-f55e2f31a5ed&sectionId=d6211bd6-4379-44e8-a967-a9be20e481b1;Haunted Village of New York City Walking Tour;32;5;3
https://www.airbnb.com/experiences/2852836?location=New%20York%2C%20United%20States&currentTab=experience_tab&federatedSearchId=031742ae-c760-4d1c-9d66-43aab4b745fe&searchId=f875ebf6-347c-421a-b33d-f55e2f31a5ed&sectionId=d6211bd6-4379-44e8-a967-a9be20e481b1;Bike Tour of Harlem & The Bronx - Radical & Weird History;109;5;19
https://www.airbnb.com/experiences/3068641?location=New%20York%2C%20United%20States&currentTab=experience_tab&federatedSearchId=031742ae-c760-4d1c-9d66-43aab4b745fe&searchId=f875ebf6-347c-421a-b33d-f55e2f31a5ed&sectionId=d6211bd6-4379-44e8-a967-a9be20e481b1;Taste New York City with Private Chef Nick;142;5;10
https://www.airbnb.com/experiences/1267835?location=New%20York%2C%20United%20States&currentTab=experience_tab&federatedSearchId=031742ae-c760-4d1c-9d66-43aab4b745fe&searchId=f875ebf6-347c-421a-b33d-f55e2f31a5ed&sectionId=d6211bd6-4379-44e8-a967-a9be20e481b1;Private Photoshoot in Central Park;297;5;20
https://www.airbnb.com/experiences/2031119?location=New%20York%2C%20United%20States&currentTab=experience_tab&federatedSearchId=031742ae-c760-4d1c-9d66-43aab4b745fe&searchId=f875ebf6-347c-421a-b33d-f55e2f31a5ed&sectionId=d6211bd6-4379-44e8-a967-a9be20e481b1;Photo Shoot in Iconic New York Spots / Four Location Options;183;5;67
https://www.airbnb.com/experiences/125150?location=New%20York%2C%20United%20States&currentTab=experience_tab&federatedSearchId=031742ae-c760-4d1c-9d66-43aab4b745fe&searchId=f875ebf6-347c-421a-b33d-f55e2f31a5ed&sectionId=d6211bd6-4379-44e8-a967-a9be20e481b1;Tour Noir: Downtown Sightseeing Theater;54;5;13
https://www.airbnb.com/experiences/3476120?location=New%20York%2C%20United%20States&currentTab=experience_tab&federatedSearchId=031742ae-c760-4d1c-9d66-43aab4b745fe&searchId=f875ebf6-347c-421a-b33d-f55e2f31a5ed&sectionId=d6211bd6-4379-44e8-a967-a9be20e481b1;Iconic Brooklyn Bridge Photo Shoot;147;5;5
https://www.airbnb.com/experiences/4883862?location=New%20York%2C%20United%20States&currentTab=experience_tab&federatedSearchId=031742ae-c760-4d1c-9d66-43aab4b745fe&searchId=f875ebf6-347c-421a-b33d-f55e2f31a5ed&sectionId=d6211bd6-4379-44e8-a967-a9be20e481b1;Dance history of New York tour with a scholar;44;5;4
https://www.airbnb.com/experiences/3749476?location=New%20York%2C%20United%20States&currentTab=experience_tab&federatedSearchId=57b2776c-f7c3-4f13-a41c-bd6e8454b812&searchId=41928aa4-bd1f-4137-ac56-f1fd52786c74&sectionId=6938cd5c-c7a2-44ec-9095-8d5a27177e04;Death in New York Walking Tour;42;5;4
https://www.airbnb.com/experiences/3589012?location=New%20York%2C%20United%20States&currentTab=experience_tab&federatedSearchId=57b2776c-f7c3-4f13-a41c-bd6e8454b812&searchId=41928aa4-bd1f-4137-ac56-f1fd52786c74&sectionId=6938cd5c-c7a2-44ec-9095-8d5a27177e04;Secret Food Tours New York - Greenwich Village;76;5;13
https://www.airbnb.com/experiences/262605?location=New%20York%2C%20United%20States&currentTab=experience_tab&federatedSearchId=57b2776c-f7c3-4f13-a41c-bd6e8454b812&searchId=41928aa4-bd1f-4137-ac56-f1fd52786c74&sectionId=6938cd5c-c7a2-44ec-9095-8d5a27177e04;Photoshoot in the heart of old Manhattan;182;5;26
https://www.airbnb.com/experiences/4436082?location=New%20York%2C%20United%20States&currentTab=experience_tab&federatedSearchId=dd0abbf1-ff83-4886-a0fa-2be24940a61b&searchId=21509724-2e38-475c-b3e0-a414744f17fc&sectionId=f3145ec7-f937-450c-8315-406c3ea192d2;Crafting Cocktails With a New York City Bartender;69;5;5
https://www.airbnb.com/experiences/4644262?location=New%20York%2C%20United%20States&currentTab=experience_tab&federatedSearchId=dd0abbf1-ff83-4886-a0fa-2be24940a61b&searchId=21509724-2e38-475c-b3e0-a414744f17fc&sectionId=f3145ec7-f937-450c-8315-406c3ea192d2;Fifth Avenue Photo Shoot;147;5;12
https://www.airbnb.com/experiences/1573799?location=New%20York%2C%20United%20States&currentTab=experience_tab&federatedSearchId=dd0abbf1-ff83-4886-a0fa-2be24940a61b&searchId=21509724-2e38-475c-b3e0-a414744f17fc&sectionId=f3145ec7-f937-450c-8315-406c3ea192d2;Lower East Side Culture and Food Tastings Tour;73;5;7
https://www.airbnb.com/experiences/1176794?location=New%20York%2C%20United%20States&currentTab=experience_tab&federatedSearchId=dd0abbf1-ff83-4886-a0fa-2be24940a61b&searchId=21509724-2e38-475c-b3e0-a414744f17fc&sectionId=f3145ec7-f937-450c-8315-406c3ea192d2;Dumbo Brooklyn Private Photoshoot;320;5;21
https://www.airbnb.com/experiences/349332?location=New%20York%2C%20United%20States&currentTab=experience_tab&federatedSearchId=dd0abbf1-ff83-4886-a0fa-2be24940a61b&searchId=21509724-2e38-475c-b3e0-a414744f17fc&sectionId=f3145ec7-f937-450c-8315-406c3ea192d2;New York - Brownstone Brooklyn Food, History & Culture Tour;65;5;3
https://www.airbnb.com/experiences/1018710?location=New%20York%2C%20United%20States&currentTab=experience_tab&federatedSearchId=dd0abbf1-ff83-4886-a0fa-2be24940a61b&searchId=21509724-2e38-475c-b3e0-a414744f17fc&sectionId=f3145ec7-f937-450c-8315-406c3ea192d2;Piermont New York Wildlife Kayak Tour;48;5;9
https://www.airbnb.com/experiences/4739370?location=New%20York%2C%20United%20States&currentTab=experience_tab&federatedSearchId=dd0abbf1-ff83-4886-a0fa-2be24940a61b&searchId=21509724-2e38-475c-b3e0-a414744f17fc&sectionId=f3145ec7-f937-450c-8315-406c3ea192d2;Harlem and Messe gospel by bus;73;5;5
https://www.airbnb.com/experiences/1812748?location=New%20York%2C%20United%20States&currentTab=experience_tab&federatedSearchId=ed26f160-a298-463e-b608-807b39a52033&searchId=b63405ec-e1a0-46f7-9478-dffabebe5474&sectionId=cb45931f-8017-4453-a642-ac676124c2e8;Discover Subway Secrets in Midtown Manhattan and Queens;92;5;10
https://www.airbnb.com/experiences/1533530?location=New%20York%2C%20United%20States&currentTab=experience_tab&federatedSearchId=ed26f160-a298-463e-b608-807b39a52033&searchId=b63405ec-e1a0-46f7-9478-dffabebe5474&sectionId=cb45931f-8017-4453-a642-ac676124c2e8;Discover Brooklyn Subway Secrets and Abandoned Stations;74;5;14
https://www.airbnb.com/experiences/851555?location=New%20York%2C%20United%20States&currentTab=experience_tab&federatedSearchId=ed26f160-a298-463e-b608-807b39a52033&searchId=b63405ec-e1a0-46f7-9478-dffabebe5474&sectionId=cb45931f-8017-4453-a642-ac676124c2e8;Abstract Painting with Palette Knives;91;5;19
https://www.airbnb.com/experiences/3640113?location=New%20York%2C%20United%20States&currentTab=experience_tab&federatedSearchId=ed26f160-a298-463e-b608-807b39a52033&searchId=b63405ec-e1a0-46f7-9478-dffabebe5474&sectionId=cb45931f-8017-4453-a642-ac676124c2e8;New York Photo Shoot at Insta-Worthy Spots;229;5;6
https://www.airbnb.com/experiences/2938054?location=New%20York%2C%20United%20States&currentTab=experience_tab&federatedSearchId=ed26f160-a298-463e-b608-807b39a52033&searchId=b63405ec-e1a0-46f7-9478-dffabebe5474&sectionId=cb45931f-8017-4453-a642-ac676124c2e8;New York History in Seven Deadly Sins;46;5;4
https://www.airbnb.com/experiences/3698714?location=New%20York%2C%20United%20States&currentTab=experience_tab&federatedSearchId=ed26f160-a298-463e-b608-807b39a52033&searchId=b63405ec-e1a0-46f7-9478-dffabebe5474&sectionId=cb45931f-8017-4453-a642-ac676124c2e8;West Village Photo Shoot;147;5;3
https://www.airbnb.com/experiences/1471616?location=New%20York%2C%20United%20States&currentTab=experience_tab&federatedSearchId=ed26f160-a298-463e-b608-807b39a52033&searchId=b63405ec-e1a0-46f7-9478-dffabebe5474&sectionId=cb45931f-8017-4453-a642-ac676124c2e8;Discover Subway Secrets Underneath Lower Manhattan;74;5;12
https://www.airbnb.com/experiences/432940?location=New%20York%2C%20United%20States&currentTab=experience_tab&federatedSearchId=ed26f160-a298-463e-b608-807b39a52033&searchId=b63405ec-e1a0-46f7-9478-dffabebe5474&sectionId=cb45931f-8017-4453-a642-ac676124c2e8;Shop New York's Unique Boutiques;91;5;5
https://www.airbnb.com/experiences/4486471?location=New%20York%2C%20United%20States&currentTab=experience_tab&federatedSearchId=ed26f160-a298-463e-b608-807b39a52033&searchId=b63405ec-e1a0-46f7-9478-dffabebe5474&sectionId=cb45931f-8017-4453-a642-ac676124c2e8;Song Dynasty Whisked Tea 宋代點茶 / Cultural Experience;90;5;6
https://www.airbnb.com/experiences/1417401?location=New%20York%2C%20United%20States&currentTab=experience_tab&federatedSearchId=120934c4-ce90-4538-ac15-dae02b27d77d&searchId=920d765a-dc55-45d4-9f17-00fb8b35e2f7&sectionId=aff7c83c-c7d9-4df6-9e51-95675616988d;New York Salsa & Latin dance experience;182;5;3
https://www.airbnb.com/experiences/3483920?location=New%20York%2C%20United%20States&currentTab=experience_tab&federatedSearchId=120934c4-ce90-4538-ac15-dae02b27d77d&searchId=920d765a-dc55-45d4-9f17-00fb8b35e2f7&sectionId=aff7c83c-c7d9-4df6-9e51-95675616988d;Bike Tour - Radical & Weird History of New York City;83;5;7
https://www.airbnb.com/experiences/3665755?location=New%20York%2C%20United%20States&currentTab=experience_tab&federatedSearchId=120934c4-ce90-4538-ac15-dae02b27d77d&searchId=920d765a-dc55-45d4-9f17-00fb8b35e2f7&sectionId=aff7c83c-c7d9-4df6-9e51-95675616988d;Fishing in New York City's iconic Central Park;70;5;10
https://www.airbnb.com/experiences/371834?location=New%20York%2C%20United%20States&currentTab=experience_tab&federatedSearchId=120934c4-ce90-4538-ac15-dae02b27d77d&searchId=920d765a-dc55-45d4-9f17-00fb8b35e2f7&sectionId=aff7c83c-c7d9-4df6-9e51-95675616988d;Hamilton & Washington in New York City;42;5;82
https://www.airbnb.com/experiences/4494264?location=New%20York%2C%20United%20States&currentTab=experience_tab&federatedSearchId=a60bb004-9323-4f42-a141-c48f2ac66c85&searchId=941cf844-af88-483a-8255-7b08e06eef56&sectionId=54ce7fa8-d4c0-464e-ae48-a7d3d099fde8;En español, un día caminando por New York como un local;73;5;16
https://www.airbnb.com/experiences/4018986?location=New%20York%2C%20United%20States&currentTab=experience_tab&federatedSearchId=a60bb004-9323-4f42-a141-c48f2ac66c85&searchId=941cf844-af88-483a-8255-7b08e06eef56&sectionId=54ce7fa8-d4c0-464e-ae48-a7d3d099fde8;Greenwhich/East Village Shopping Tour With Nyc Stylist;457;5;6
https://www.airbnb.com/experiences/3004718?location=New%20York%2C%20United%20States&currentTab=experience_tab&federatedSearchId=a60bb004-9323-4f42-a141-c48f2ac66c85&searchId=941cf844-af88-483a-8255-7b08e06eef56&sectionId=54ce7fa8-d4c0-464e-ae48-a7d3d099fde8;Noshing the Jewish Lower East Side Food and History Tour;73;5;4
https://www.airbnb.com/experiences/182323?location=New%20York%2C%20United%20States&currentTab=experience_tab&federatedSearchId=a60bb004-9323-4f42-a141-c48f2ac66c85&searchId=941cf844-af88-483a-8255-7b08e06eef56&sectionId=54ce7fa8-d4c0-464e-ae48-a7d3d099fde8;"The Real"" Brooklyn Walk""";229;5;6
https://www.airbnb.com/experiences/2219129?location=New%20York%2C%20United%20States&currentTab=experience_tab&federatedSearchId=a60bb004-9323-4f42-a141-c48f2ac66c85&searchId=941cf844-af88-483a-8255-7b08e06eef56&sectionId=54ce7fa8-d4c0-464e-ae48-a7d3d099fde8;Dog photoshoot in Central Park;183;5;3
https://www.airbnb.com/experiences/1527020?location=New%20York%2C%20United%20States&currentTab=experience_tab&federatedSearchId=a60bb004-9323-4f42-a141-c48f2ac66c85&searchId=941cf844-af88-483a-8255-7b08e06eef56&sectionId=54ce7fa8-d4c0-464e-ae48-a7d3d099fde8;Create a Cocktail, The Old-Fashioned;99;5;6
https://www.airbnb.com/experiences/2981713?location=New%20York%2C%20United%20States&currentTab=experience_tab&federatedSearchId=fb9a8f77-70b8-494c-b4ea-1cdcf3384bed&searchId=953c8476-6ec9-40cd-a3a1-43f478d23017&sectionId=598cadf6-c503-4a2f-8aea-9047eeb226a8;Private Professional Lifestyle Photoshoot;229;5;16
https://www.airbnb.com/experiences/2970081?location=New%20York%2C%20United%20States&currentTab=experience_tab&federatedSearchId=fb9a8f77-70b8-494c-b4ea-1cdcf3384bed&searchId=953c8476-6ec9-40cd-a3a1-43f478d23017&sectionId=598cadf6-c503-4a2f-8aea-9047eeb226a8;Alexander Hamilton Live;182;5;3
https://www.airbnb.com/experiences/164127?location=New%20York%2C%20United%20States&currentTab=experience_tab&federatedSearchId=fb9a8f77-70b8-494c-b4ea-1cdcf3384bed&searchId=953c8476-6ec9-40cd-a3a1-43f478d23017&sectionId=598cadf6-c503-4a2f-8aea-9047eeb226a8;Create a Diamond Ring With a Professional Jeweler;274;5;28
https://www.airbnb.com/experiences/876586?location=New%20York%2C%20United%20States&currentTab=experience_tab&federatedSearchId=fb9a8f77-70b8-494c-b4ea-1cdcf3384bed&searchId=953c8476-6ec9-40cd-a3a1-43f478d23017&sectionId=598cadf6-c503-4a2f-8aea-9047eeb226a8;Ultimate World Trade Center Experience;105;5;4
https://www.airbnb.com/experiences/1399873?location=New%20York%2C%20United%20States&currentTab=experience_tab&federatedSearchId=fb9a8f77-70b8-494c-b4ea-1cdcf3384bed&searchId=953c8476-6ec9-40cd-a3a1-43f478d23017&sectionId=598cadf6-c503-4a2f-8aea-9047eeb226a8;Cycle NYC's Top Sites In One Day;137;5;8
https://www.airbnb.com/experiences/380236?location=New%20York%2C%20United%20States&currentTab=experience_tab&federatedSearchId=0eaf44d1-67a1-4ffa-a17c-358a50807443&searchId=8e18fa11-fbce-42f3-bc6f-b64337a542cf&sectionId=932113b9-fd5f-453b-b031-3805bc80ca47;Exploring Eastern European Food in Little Odessa;78;5;8
https://www.airbnb.com/experiences/2011027?location=New%20York%2C%20United%20States&currentTab=experience_tab&federatedSearchId=0eaf44d1-67a1-4ffa-a17c-358a50807443&searchId=8e18fa11-fbce-42f3-bc6f-b64337a542cf&sectionId=932113b9-fd5f-453b-b031-3805bc80ca47;Discover New York with Private Chef Pavlos;115;5;10
https://www.airbnb.com/experiences/4683493?location=New%20York%2C%20United%20States&currentTab=experience_tab&federatedSearchId=0eaf44d1-67a1-4ffa-a17c-358a50807443&searchId=8e18fa11-fbce-42f3-bc6f-b64337a542cf&sectionId=932113b9-fd5f-453b-b031-3805bc80ca47;Tour the Landmark Japanese House in Brooklyn, New York;37;5;9
https://www.airbnb.com/experiences/576789?location=New%20York%2C%20United%20States&currentTab=experience_tab&federatedSearchId=0eaf44d1-67a1-4ffa-a17c-358a50807443&searchId=8e18fa11-fbce-42f3-bc6f-b64337a542cf&sectionId=932113b9-fd5f-453b-b031-3805bc80ca47;Drone lessons & Virtual Reality- NJ/Ny;55;5;5
https://www.airbnb.com/experiences/3687031?location=New%20York%2C%20United%20States&currentTab=experience_tab&federatedSearchId=44796828-c0df-4309-95ba-967f5eb6947d&searchId=e72b11ed-167b-47d4-b038-e7066f83feca&sectionId=e43ffeda-c498-4a35-80d5-36c5542f57f3;Times Square Night-time Edition Photoshoot;59;4.99;286
https://www.airbnb.com/experiences/500361?location=New%20York%2C%20United%20States&currentTab=experience_tab&federatedSearchId=68bdb554-b339-4041-9694-e5f2c40cf4d7&searchId=885ac543-a5b1-4f6f-96c4-f1449b6fcbc3&sectionId=52cca717-b38f-4c47-9bb5-232dee5f1bfd;Turkish Coffee + Fortune;54;4.99;954
https://www.airbnb.com/experiences/207157?location=New%20York%2C%20United%20States&currentTab=experience_tab&federatedSearchId=5ede4bf8-0001-4f11-9d73-3cd9f37387d5&searchId=7f3a971f-a0a1-4920-912d-bf3bb2ba830e&sectionId=682e1afc-c097-460b-a047-d497557c9559;Central Park/Times Square Pro Photo by Thomas Michael;79;4.99;404
https://www.airbnb.com/experiences/690043?location=New%20York%2C%20United%20States&currentTab=experience_tab&federatedSearchId=5ede4bf8-0001-4f11-9d73-3cd9f37387d5&searchId=7f3a971f-a0a1-4920-912d-bf3bb2ba830e&sectionId=682e1afc-c097-460b-a047-d497557c9559;Ultimate Chinatown Food Tour;83;4.99;148
https://www.airbnb.com/experiences/2598776?location=New%20York%2C%20United%20States&currentTab=experience_tab&federatedSearchId=3e5c0aa3-088c-4916-9313-cf48aba06e7b&searchId=597d2331-e72c-461e-bb4a-e7e6be450f81&sectionId=f9856952-954e-479f-ac04-c59da751a55b;One-Of-A-Kind Central Park Photo Shoot;91;4.99;71
https://www.airbnb.com/experiences/188587?location=New%20York%2C%20United%20States&currentTab=experience_tab&federatedSearchId=3e5c0aa3-088c-4916-9313-cf48aba06e7b&searchId=597d2331-e72c-461e-bb4a-e7e6be450f81&sectionId=f9856952-954e-479f-ac04-c59da751a55b;Max's Wake and Bake Tour;64;4.99;70
https://www.airbnb.com/experiences/139031?location=New%20York%2C%20United%20States&currentTab=experience_tab&federatedSearchId=96101f26-db0f-4bc8-8ab1-9eee4df23b17&searchId=ccf4c5f4-145e-48a9-91bf-e40e90cd8087&sectionId=44999ff3-4004-4be4-b67b-d66562a0dc52;Brooklyn Street Art, Local Tastes, and Amazing City Views;41;4.99;122
https://www.airbnb.com/experiences/1323659?location=New%20York%2C%20United%20States&currentTab=experience_tab&federatedSearchId=763e5883-cd15-41cc-90c2-9273bfebac1d&searchId=600e29fb-d46b-466a-9313-53109c05a7c8&sectionId=480e00d6-4226-4874-884d-245433a01fc5;African American Walking Tour of Lower Manhattan;41;4.99;344
https://www.airbnb.com/experiences/396676?location=New%20York%2C%20United%20States&currentTab=experience_tab&federatedSearchId=5591d7ff-0e73-4ddf-90f3-6d8985771231&searchId=42ce9647-9b1b-47fb-9da8-5e1c24efb645&sectionId=c177fc47-35e6-43a0-8ee9-e7131eae0a49;The BEST of Brooklyn! Walking Tour;42;4.99;162
https://www.airbnb.com/experiences/3130593?location=New%20York%2C%20United%20States&currentTab=experience_tab&federatedSearchId=44796828-c0df-4309-95ba-967f5eb6947d&searchId=e72b11ed-167b-47d4-b038-e7066f83feca&sectionId=e43ffeda-c498-4a35-80d5-36c5542f57f3;The Soul of Harlem Walking Tour;51;4.98;422
https://www.airbnb.com/experiences/2448604?location=New%20York%2C%20United%20States&currentTab=experience_tab&federatedSearchId=44796828-c0df-4309-95ba-967f5eb6947d&searchId=e72b11ed-167b-47d4-b038-e7066f83feca&sectionId=e43ffeda-c498-4a35-80d5-36c5542f57f3;New York True Crime & Mafia Tour;42;4.98;432
https://www.airbnb.com/experiences/1072035?location=New%20York%2C%20United%20States&currentTab=experience_tab&federatedSearchId=68bdb554-b339-4041-9694-e5f2c40cf4d7&searchId=885ac543-a5b1-4f6f-96c4-f1449b6fcbc3&sectionId=52cca717-b38f-4c47-9bb5-232dee5f1bfd;The Backpacker's Guide to New York City;36;4.98;128
https://www.airbnb.com/experiences/1089631?location=New%20York%2C%20United%20States&currentTab=experience_tab&federatedSearchId=68bdb554-b339-4041-9694-e5f2c40cf4d7&searchId=885ac543-a5b1-4f6f-96c4-f1449b6fcbc3&sectionId=52cca717-b38f-4c47-9bb5-232dee5f1bfd;Weave a wabi-sabi tapestry in Brooklyn;69;4.98;312
https://www.airbnb.com/experiences/445486?location=New%20York%2C%20United%20States&currentTab=experience_tab&federatedSearchId=68bdb554-b339-4041-9694-e5f2c40cf4d7&searchId=885ac543-a5b1-4f6f-96c4-f1449b6fcbc3&sectionId=52cca717-b38f-4c47-9bb5-232dee5f1bfd;Hasidic Brooklyn;44;4.98;1113
https://www.airbnb.com/experiences/210126?location=New%20York%2C%20United%20States&currentTab=experience_tab&federatedSearchId=68bdb554-b339-4041-9694-e5f2c40cf4d7&searchId=885ac543-a5b1-4f6f-96c4-f1449b6fcbc3&sectionId=52cca717-b38f-4c47-9bb5-232dee5f1bfd;Eat Around Diverse Queens;69;4.98;155
https://www.airbnb.com/experiences/392248?location=New%20York%2C%20United%20States&currentTab=experience_tab&federatedSearchId=5ede4bf8-0001-4f11-9d73-3cd9f37387d5&searchId=7f3a971f-a0a1-4920-912d-bf3bb2ba830e&sectionId=682e1afc-c097-460b-a047-d497557c9559;Secret Places of Central Park;42;4.98;163
https://www.airbnb.com/experiences/1166516?location=New%20York%2C%20United%20States&currentTab=experience_tab&federatedSearchId=3e5c0aa3-088c-4916-9313-cf48aba06e7b&searchId=597d2331-e72c-461e-bb4a-e7e6be450f81&sectionId=f9856952-954e-479f-ac04-c59da751a55b;Brooklyn Bridge Tour, but with yelling;25;4.98;247
https://www.airbnb.com/experiences/1041942?location=New%20York%2C%20United%20States&currentTab=experience_tab&federatedSearchId=96101f26-db0f-4bc8-8ab1-9eee4df23b17&searchId=ccf4c5f4-145e-48a9-91bf-e40e90cd8087&sectionId=44999ff3-4004-4be4-b67b-d66562a0dc52;Photo Shoot In Brooklyn Bridge + Dumbo;103;4.98;84
https://www.airbnb.com/experiences/1100342?location=New%20York%2C%20United%20States&currentTab=experience_tab&federatedSearchId=96101f26-db0f-4bc8-8ab1-9eee4df23b17&searchId=ccf4c5f4-145e-48a9-91bf-e40e90cd8087&sectionId=44999ff3-4004-4be4-b67b-d66562a0dc52;Bob's Manhattan Pizza Tour;64;4.98;117
https://www.airbnb.com/experiences/873918?location=New%20York%2C%20United%20States&currentTab=experience_tab&federatedSearchId=96101f26-db0f-4bc8-8ab1-9eee4df23b17&searchId=ccf4c5f4-145e-48a9-91bf-e40e90cd8087&sectionId=44999ff3-4004-4be4-b67b-d66562a0dc52;Central Park Tricycle Tour;46;4.98;207
https://www.airbnb.com/experiences/150648?location=New%20York%2C%20United%20States&currentTab=experience_tab&federatedSearchId=5591d7ff-0e73-4ddf-90f3-6d8985771231&searchId=42ce9647-9b1b-47fb-9da8-5e1c24efb645&sectionId=c177fc47-35e6-43a0-8ee9-e7131eae0a49;Puerto Rican Cooking and Cocktails;160;4.98;121
https://www.airbnb.com/experiences/244023?location=New%20York%2C%20United%20States&currentTab=experience_tab&federatedSearchId=031742ae-c760-4d1c-9d66-43aab4b745fe&searchId=f875ebf6-347c-421a-b33d-f55e2f31a5ed&sectionId=d6211bd6-4379-44e8-a967-a9be20e481b1;A Goodfella's Tour of New York City;58;4.98;49
https://www.airbnb.com/experiences/143920?location=New%20York%2C%20United%20States&currentTab=experience_tab&federatedSearchId=57b2776c-f7c3-4f13-a41c-bd6e8454b812&searchId=41928aa4-bd1f-4137-ac56-f1fd52786c74&sectionId=6938cd5c-c7a2-44ec-9095-8d5a27177e04;Sound Healing and Meditation Experience;183;4.98;127
https://www.airbnb.com/experiences/832544?location=New%20York%2C%20United%20States&currentTab=experience_tab&federatedSearchId=a60bb004-9323-4f42-a141-c48f2ac66c85&searchId=941cf844-af88-483a-8255-7b08e06eef56&sectionId=54ce7fa8-d4c0-464e-ae48-a7d3d099fde8;Reiki Healing Session in Central Park;220;4.98;44
https://www.airbnb.com/experiences/250241?location=New%20York%2C%20United%20States&currentTab=experience_tab&federatedSearchId=44796828-c0df-4309-95ba-967f5eb6947d&searchId=e72b11ed-167b-47d4-b038-e7066f83feca&sectionId=e43ffeda-c498-4a35-80d5-36c5542f57f3;The Ultimate New York City Street Food Tour;64;4.97;722
https://www.airbnb.com/experiences/972608?location=New%20York%2C%20United%20States&currentTab=experience_tab&federatedSearchId=68bdb554-b339-4041-9694-e5f2c40cf4d7&searchId=885ac543-a5b1-4f6f-96c4-f1449b6fcbc3&sectionId=52cca717-b38f-4c47-9bb5-232dee5f1bfd;Vibrant Photoshoot in Times Square;53;4.97;121
https://www.airbnb.com/experiences/74748?location=New%20York%2C%20United%20States&currentTab=experience_tab&federatedSearchId=68bdb554-b339-4041-9694-e5f2c40cf4d7&searchId=885ac543-a5b1-4f6f-96c4-f1449b6fcbc3&sectionId=52cca717-b38f-4c47-9bb5-232dee5f1bfd;New York Sandwich Tour;60;4.97;728
https://www.airbnb.com/experiences/4218000?location=New%20York%2C%20United%20States&currentTab=experience_tab&federatedSearchId=5ede4bf8-0001-4f11-9d73-3cd9f37387d5&searchId=7f3a971f-a0a1-4920-912d-bf3bb2ba830e&sectionId=682e1afc-c097-460b-a047-d497557c9559;New York Bagel Tasting & Rolling Tour;63;4.97;95
https://www.airbnb.com/experiences/438902?location=New%20York%2C%20United%20States&currentTab=experience_tab&federatedSearchId=5ede4bf8-0001-4f11-9d73-3cd9f37387d5&searchId=7f3a971f-a0a1-4920-912d-bf3bb2ba830e&sectionId=682e1afc-c097-460b-a047-d497557c9559;The Brooklyn Sandwich Tour;63;4.97;134
https://www.airbnb.com/experiences/262429?location=New%20York%2C%20United%20States&currentTab=experience_tab&federatedSearchId=3e5c0aa3-088c-4916-9313-cf48aba06e7b&searchId=597d2331-e72c-461e-bb4a-e7e6be450f81&sectionId=f9856952-954e-479f-ac04-c59da751a55b;Village Pride Walking Tour;45;4.97;182
https://www.airbnb.com/experiences/263550?location=New%20York%2C%20United%20States&currentTab=experience_tab&federatedSearchId=3e5c0aa3-088c-4916-9313-cf48aba06e7b&searchId=597d2331-e72c-461e-bb4a-e7e6be450f81&sectionId=f9856952-954e-479f-ac04-c59da751a55b;Making fresh pasta with the pros;124;4.97;77
https://www.airbnb.com/experiences/1474583?location=New%20York%2C%20United%20States&currentTab=experience_tab&federatedSearchId=96101f26-db0f-4bc8-8ab1-9eee4df23b17&searchId=ccf4c5f4-145e-48a9-91bf-e40e90cd8087&sectionId=44999ff3-4004-4be4-b67b-d66562a0dc52;Fall in Love with Brooklyn;19;4.97;195
https://www.airbnb.com/experiences/259740?location=New%20York%2C%20United%20States&currentTab=experience_tab&federatedSearchId=14360057-058b-4163-ab0a-f726bcc5d8f0&searchId=0da25746-4218-45de-b7ec-5e9d16ffe4f8&sectionId=a327a493-fdbb-4aae-8e58-8415d75a137b;New York portrait experience;137;4.97;34
https://www.airbnb.com/experiences/120361?location=New%20York%2C%20United%20States&currentTab=experience_tab&federatedSearchId=57b2776c-f7c3-4f13-a41c-bd6e8454b812&searchId=41928aa4-bd1f-4137-ac56-f1fd52786c74&sectionId=6938cd5c-c7a2-44ec-9095-8d5a27177e04;Private Dance Experience -Salsa, Swing, Tango & Social dance;73;4.97;72
https://www.airbnb.com/experiences/3903437?location=New%20York%2C%20United%20States&currentTab=experience_tab&federatedSearchId=ed26f160-a298-463e-b608-807b39a52033&searchId=b63405ec-e1a0-46f7-9478-dffabebe5474&sectionId=cb45931f-8017-4453-a642-ac676124c2e8;Central Park Pedicab Guided Tour;46;4.97;35
https://www.airbnb.com/experiences/885043?location=New%20York%2C%20United%20States&currentTab=experience_tab&federatedSearchId=120934c4-ce90-4538-ac15-dae02b27d77d&searchId=920d765a-dc55-45d4-9f17-00fb8b35e2f7&sectionId=aff7c83c-c7d9-4df6-9e51-95675616988d;Hidden Gems, Great Structures, Fun Art;33;4.97;79
https://www.airbnb.com/experiences/528247?location=New%20York%2C%20United%20States&currentTab=experience_tab&federatedSearchId=a60bb004-9323-4f42-a141-c48f2ac66c85&searchId=941cf844-af88-483a-8255-7b08e06eef56&sectionId=54ce7fa8-d4c0-464e-ae48-a7d3d099fde8;Brooklyn Waterfront Bike Tour;41;4.97;157
https://www.airbnb.com/experiences/269716?location=New%20York%2C%20United%20States&currentTab=experience_tab&federatedSearchId=44796828-c0df-4309-95ba-967f5eb6947d&searchId=e72b11ed-167b-47d4-b038-e7066f83feca&sectionId=e43ffeda-c498-4a35-80d5-36c5542f57f3;"The Full-Day See It All"" NYC Tour!""";63;4.96;1823
https://www.airbnb.com/experiences/298126?location=New%20York%2C%20United%20States&currentTab=experience_tab&federatedSearchId=44796828-c0df-4309-95ba-967f5eb6947d&searchId=e72b11ed-167b-47d4-b038-e7066f83feca&sectionId=e43ffeda-c498-4a35-80d5-36c5542f57f3;Sailing Tour New York with Brooklyn Sail;77;4.96;1491
https://www.airbnb.com/experiences/3671959?location=New%20York%2C%20United%20States&currentTab=experience_tab&federatedSearchId=68bdb554-b339-4041-9694-e5f2c40cf4d7&searchId=885ac543-a5b1-4f6f-96c4-f1449b6fcbc3&sectionId=52cca717-b38f-4c47-9bb5-232dee5f1bfd;Yoga in Central Park with a View Feel the Heartbeat of nyc;28;4.96;112
https://www.airbnb.com/experiences/1464413?location=New%20York%2C%20United%20States&currentTab=experience_tab&federatedSearchId=68bdb554-b339-4041-9694-e5f2c40cf4d7&searchId=885ac543-a5b1-4f6f-96c4-f1449b6fcbc3&sectionId=52cca717-b38f-4c47-9bb5-232dee5f1bfd;Taste NY's Top Food Neighborhood;60;4.96;327
https://www.airbnb.com/experiences/317319?location=New%20York%2C%20United%20States&currentTab=experience_tab&federatedSearchId=5ede4bf8-0001-4f11-9d73-3cd9f37387d5&searchId=7f3a971f-a0a1-4920-912d-bf3bb2ba830e&sectionId=682e1afc-c097-460b-a047-d497557c9559;Chinatown Food Tour with a Chef;69;4.96;885
https://www.airbnb.com/experiences/1069143?location=New%20York%2C%20United%20States&currentTab=experience_tab&federatedSearchId=5ede4bf8-0001-4f11-9d73-3cd9f37387d5&searchId=7f3a971f-a0a1-4920-912d-bf3bb2ba830e&sectionId=682e1afc-c097-460b-a047-d497557c9559;Act & Sip Nyc;32;4.96;26
https://www.airbnb.com/experiences/338002?location=New%20York%2C%20United%20States&currentTab=experience_tab&federatedSearchId=3e5c0aa3-088c-4916-9313-cf48aba06e7b&searchId=597d2331-e72c-461e-bb4a-e7e6be450f81&sectionId=f9856952-954e-479f-ac04-c59da751a55b;Weave a Tapestry with Mindful Zen Arts;69;4.96;378
https://www.airbnb.com/experiences/1338042?location=New%20York%2C%20United%20States&currentTab=experience_tab&federatedSearchId=96101f26-db0f-4bc8-8ab1-9eee4df23b17&searchId=ccf4c5f4-145e-48a9-91bf-e40e90cd8087&sectionId=44999ff3-4004-4be4-b67b-d66562a0dc52;Traditional Gong Fu Tea Tasting 傳統工夫茶 / Cultural Experience;63;4.96;129
https://www.airbnb.com/experiences/1302489?location=New%20York%2C%20United%20States&currentTab=experience_tab&federatedSearchId=5591d7ff-0e73-4ddf-90f3-6d8985771231&searchId=42ce9647-9b1b-47fb-9da8-5e1c24efb645&sectionId=c177fc47-35e6-43a0-8ee9-e7131eae0a49;Learn Bourbon Basics in the Village;60;4.96;23
https://www.airbnb.com/experiences/111307?location=New%20York%2C%20United%20States&currentTab=experience_tab&federatedSearchId=14360057-058b-4163-ab0a-f726bcc5d8f0&searchId=0da25746-4218-45de-b7ec-5e9d16ffe4f8&sectionId=a327a493-fdbb-4aae-8e58-8415d75a137b;Walk Through NYC Tattoo History;55;4.96;147
https://www.airbnb.com/experiences/921146?location=New%20York%2C%20United%20States&currentTab=experience_tab&federatedSearchId=14360057-058b-4163-ab0a-f726bcc5d8f0&searchId=0da25746-4218-45de-b7ec-5e9d16ffe4f8&sectionId=a327a493-fdbb-4aae-8e58-8415d75a137b;A day of photos in Central Park;103;4.96;56
https://www.airbnb.com/experiences/242509?location=New%20York%2C%20United%20States&currentTab=experience_tab&federatedSearchId=44796828-c0df-4309-95ba-967f5eb6947d&searchId=e72b11ed-167b-47d4-b038-e7066f83feca&sectionId=e43ffeda-c498-4a35-80d5-36c5542f57f3;The Ultimate Manhattan Secondhand Shopping Day;51;4.95;652
https://www.airbnb.com/experiences/2152652?location=New%20York%2C%20United%20States&currentTab=experience_tab&federatedSearchId=44796828-c0df-4309-95ba-967f5eb6947d&searchId=e72b11ed-167b-47d4-b038-e7066f83feca&sectionId=e43ffeda-c498-4a35-80d5-36c5542f57f3;Brooklyn Bridge cinematic photo walk;36;4.95;963
https://www.airbnb.com/experiences/1439194?location=New%20York%2C%20United%20States&currentTab=experience_tab&federatedSearchId=44796828-c0df-4309-95ba-967f5eb6947d&searchId=e72b11ed-167b-47d4-b038-e7066f83feca&sectionId=e43ffeda-c498-4a35-80d5-36c5542f57f3;NYC Photoshoot / Three locations;91;4.95;61
https://www.airbnb.com/experiences/4130627?location=New%20York%2C%20United%20States&currentTab=experience_tab&federatedSearchId=68bdb554-b339-4041-9694-e5f2c40cf4d7&searchId=885ac543-a5b1-4f6f-96c4-f1449b6fcbc3&sectionId=52cca717-b38f-4c47-9bb5-232dee5f1bfd;Gilded Age Mansions Tour;32;4.95;74
https://www.airbnb.com/experiences/2445471?location=New%20York%2C%20United%20States&currentTab=experience_tab&federatedSearchId=96101f26-db0f-4bc8-8ab1-9eee4df23b17&searchId=ccf4c5f4-145e-48a9-91bf-e40e90cd8087&sectionId=44999ff3-4004-4be4-b67b-d66562a0dc52;Contrasts Of Brooklyn;36;4.95;185
https://www.airbnb.com/experiences/133519?location=New%20York%2C%20United%20States&currentTab=experience_tab&federatedSearchId=96101f26-db0f-4bc8-8ab1-9eee4df23b17&searchId=ccf4c5f4-145e-48a9-91bf-e40e90cd8087&sectionId=44999ff3-4004-4be4-b67b-d66562a0dc52;Afro Fusion Dinner and Cooking class;119;4.95;64
https://www.airbnb.com/experiences/98988?location=New%20York%2C%20United%20States&currentTab=experience_tab&federatedSearchId=763e5883-cd15-41cc-90c2-9273bfebac1d&searchId=600e29fb-d46b-466a-9313-53109c05a7c8&sectionId=480e00d6-4226-4874-884d-245433a01fc5;'Drawn from Within' presents 'Sketch and the City';45;4.95;575
https://www.airbnb.com/experiences/1326396?location=New%20York%2C%20United%20States&currentTab=experience_tab&federatedSearchId=5591d7ff-0e73-4ddf-90f3-6d8985771231&searchId=42ce9647-9b1b-47fb-9da8-5e1c24efb645&sectionId=c177fc47-35e6-43a0-8ee9-e7131eae0a49;Music Production Class Experience;110;4.95;43
https://www.airbnb.com/experiences/101160?location=New%20York%2C%20United%20States&currentTab=experience_tab&federatedSearchId=5591d7ff-0e73-4ddf-90f3-6d8985771231&searchId=42ce9647-9b1b-47fb-9da8-5e1c24efb645&sectionId=c177fc47-35e6-43a0-8ee9-e7131eae0a49;Personalized Thrift Experience -Explore Fashion w/ a Stylist;110;4.95;86
https://www.airbnb.com/experiences/3552802?location=New%20York%2C%20United%20States&currentTab=experience_tab&federatedSearchId=031742ae-c760-4d1c-9d66-43aab4b745fe&searchId=f875ebf6-347c-421a-b33d-f55e2f31a5ed&sectionId=d6211bd6-4379-44e8-a967-a9be20e481b1;Central Park Photoshoot in New York City;229;4.95;20
https://www.airbnb.com/experiences/2395344?location=New%20York%2C%20United%20States&currentTab=experience_tab&federatedSearchId=44796828-c0df-4309-95ba-967f5eb6947d&searchId=e72b11ed-167b-47d4-b038-e7066f83feca&sectionId=e43ffeda-c498-4a35-80d5-36c5542f57f3;DUMBO/Brooklyn Bridge photo walk;27;4.94;423
https://www.airbnb.com/experiences/80034?location=New%20York%2C%20United%20States&currentTab=experience_tab&federatedSearchId=68bdb554-b339-4041-9694-e5f2c40cf4d7&searchId=885ac543-a5b1-4f6f-96c4-f1449b6fcbc3&sectionId=52cca717-b38f-4c47-9bb5-232dee5f1bfd;Explore the Real Brooklyn;45;4.94;1570
https://www.airbnb.com/experiences/4500619?location=New%20York%2C%20United%20States&currentTab=experience_tab&federatedSearchId=68bdb554-b339-4041-9694-e5f2c40cf4d7&searchId=885ac543-a5b1-4f6f-96c4-f1449b6fcbc3&sectionId=52cca717-b38f-4c47-9bb5-232dee5f1bfd;No Diet Club - Amazing street food in Brooklyn;51;4.94;220
https://www.airbnb.com/experiences/3501810?location=New%20York%2C%20United%20States&currentTab=experience_tab&federatedSearchId=68bdb554-b339-4041-9694-e5f2c40cf4d7&searchId=885ac543-a5b1-4f6f-96c4-f1449b6fcbc3&sectionId=52cca717-b38f-4c47-9bb5-232dee5f1bfd;Drama & Discourse;41;4.94;49
https://www.airbnb.com/experiences/156739?location=New%20York%2C%20United%20States&currentTab=experience_tab&federatedSearchId=5ede4bf8-0001-4f11-9d73-3cd9f37387d5&searchId=7f3a971f-a0a1-4920-912d-bf3bb2ba830e&sectionId=682e1afc-c097-460b-a047-d497557c9559;The Secret Speakeasies and History Experience Midtown;33;4.94;131
https://www.airbnb.com/experiences/95224?location=New%20York%2C%20United%20States&currentTab=experience_tab&federatedSearchId=3e5c0aa3-088c-4916-9313-cf48aba06e7b&searchId=597d2331-e72c-461e-bb4a-e7e6be450f81&sectionId=f9856952-954e-479f-ac04-c59da751a55b;Street art scene with insider;28;4.94;1234
https://www.airbnb.com/experiences/692852?location=New%20York%2C%20United%20States&currentTab=experience_tab&federatedSearchId=3e5c0aa3-088c-4916-9313-cf48aba06e7b&searchId=597d2331-e72c-461e-bb4a-e7e6be450f81&sectionId=f9856952-954e-479f-ac04-c59da751a55b;Full Day Photo Shoot;54;4.94;125
https://www.airbnb.com/experiences/158314?location=New%20York%2C%20United%20States&currentTab=experience_tab&federatedSearchId=96101f26-db0f-4bc8-8ab1-9eee4df23b17&searchId=ccf4c5f4-145e-48a9-91bf-e40e90cd8087&sectionId=44999ff3-4004-4be4-b67b-d66562a0dc52;Brooklyn Pizza Walk;51;4.94;554
https://www.airbnb.com/experiences/90081?location=New%20York%2C%20United%20States&currentTab=experience_tab&federatedSearchId=5591d7ff-0e73-4ddf-90f3-6d8985771231&searchId=42ce9647-9b1b-47fb-9da8-5e1c24efb645&sectionId=c177fc47-35e6-43a0-8ee9-e7131eae0a49;Ramones Punk Rock Tour of New York City;39;4.94;50
https://www.airbnb.com/experiences/135716?location=New%20York%2C%20United%20States&currentTab=experience_tab&federatedSearchId=dd0abbf1-ff83-4886-a0fa-2be24940a61b&searchId=21509724-2e38-475c-b3e0-a414744f17fc&sectionId=f3145ec7-f937-450c-8315-406c3ea192d2;Hunt for bargains with a style blogger;128;4.94;85
https://www.airbnb.com/experiences/4734889?location=New%20York%2C%20United%20States&currentTab=experience_tab&federatedSearchId=3e5c0aa3-088c-4916-9313-cf48aba06e7b&searchId=597d2331-e72c-461e-bb4a-e7e6be450f81&sectionId=f9856952-954e-479f-ac04-c59da751a55b;Midtown Unleashed- A Local's Night Out;33;4.93;29
https://www.airbnb.com/experiences/706356?location=New%20York%2C%20United%20States&currentTab=experience_tab&federatedSearchId=763e5883-cd15-41cc-90c2-9273bfebac1d&searchId=600e29fb-d46b-466a-9313-53109c05a7c8&sectionId=480e00d6-4226-4874-884d-245433a01fc5;New York City Personal Photographer;238;4.93;58
https://www.airbnb.com/experiences/1118125?location=New%20York%2C%20United%20States&currentTab=experience_tab&federatedSearchId=14360057-058b-4163-ab0a-f726bcc5d8f0&searchId=0da25746-4218-45de-b7ec-5e9d16ffe4f8&sectionId=a327a493-fdbb-4aae-8e58-8415d75a137b;Instagram ready photo shoot in Nyc;183;4.93;29
https://www.airbnb.com/experiences/2443302?location=New%20York%2C%20United%20States&currentTab=experience_tab&federatedSearchId=57b2776c-f7c3-4f13-a41c-bd6e8454b812&searchId=41928aa4-bd1f-4137-ac56-f1fd52786c74&sectionId=6938cd5c-c7a2-44ec-9095-8d5a27177e04;The Spies of Wall Street;33;4.93;14
https://www.airbnb.com/experiences/106901?location=New%20York%2C%20United%20States&currentTab=experience_tab&federatedSearchId=68bdb554-b339-4041-9694-e5f2c40cf4d7&searchId=885ac543-a5b1-4f6f-96c4-f1449b6fcbc3&sectionId=52cca717-b38f-4c47-9bb5-232dee5f1bfd;Fabulous Drag Night Out;41;4.92;468
https://www.airbnb.com/experiences/462923?location=New%20York%2C%20United%20States&currentTab=experience_tab&federatedSearchId=5591d7ff-0e73-4ddf-90f3-6d8985771231&searchId=42ce9647-9b1b-47fb-9da8-5e1c24efb645&sectionId=c177fc47-35e6-43a0-8ee9-e7131eae0a49;Manhattan Architecture & Urban Design Walk;48;4.92;189
https://www.airbnb.com/experiences/3264998?location=New%20York%2C%20United%20States&currentTab=experience_tab&federatedSearchId=120934c4-ce90-4538-ac15-dae02b27d77d&searchId=920d765a-dc55-45d4-9f17-00fb8b35e2f7&sectionId=aff7c83c-c7d9-4df6-9e51-95675616988d;Brooklyn Delicious Donut Adventure by Underground Donut Tour;83;4.92;12
https://www.airbnb.com/experiences/102778?location=New%20York%2C%20United%20States&currentTab=experience_tab&federatedSearchId=44796828-c0df-4309-95ba-967f5eb6947d&searchId=e72b11ed-167b-47d4-b038-e7066f83feca&sectionId=e43ffeda-c498-4a35-80d5-36c5542f57f3;The Speakeasy Adventure- A Tipsy Trip Through History;33;4.91;1158
https://www.airbnb.com/experiences/4135674?location=New%20York%2C%20United%20States&currentTab=experience_tab&federatedSearchId=44796828-c0df-4309-95ba-967f5eb6947d&searchId=e72b11ed-167b-47d4-b038-e7066f83feca&sectionId=e43ffeda-c498-4a35-80d5-36c5542f57f3;Private Photoshoot at the World Famous Central Park Nyc;44;4.91;87
https://www.airbnb.com/experiences/1222576?location=New%20York%2C%20United%20States&currentTab=experience_tab&federatedSearchId=3e5c0aa3-088c-4916-9313-cf48aba06e7b&searchId=597d2331-e72c-461e-bb4a-e7e6be450f81&sectionId=f9856952-954e-479f-ac04-c59da751a55b;Gritty New York True Crime Tour with a lawyer;63;4.91;56
https://www.airbnb.com/experiences/390592?location=New%20York%2C%20United%20States&currentTab=experience_tab&federatedSearchId=96101f26-db0f-4bc8-8ab1-9eee4df23b17&searchId=ccf4c5f4-145e-48a9-91bf-e40e90cd8087&sectionId=44999ff3-4004-4be4-b67b-d66562a0dc52;Beginner Antibacterial Vegan Soap Making;46;4.91;74
https://www.airbnb.com/experiences/968040?location=New%20York%2C%20United%20States&currentTab=experience_tab&federatedSearchId=14360057-058b-4163-ab0a-f726bcc5d8f0&searchId=0da25746-4218-45de-b7ec-5e9d16ffe4f8&sectionId=a327a493-fdbb-4aae-8e58-8415d75a137b;Chelsea’s finest art galleries;42;4.91;34
https://www.airbnb.com/experiences/3623673?location=New%20York%2C%20United%20States&currentTab=experience_tab&federatedSearchId=57b2776c-f7c3-4f13-a41c-bd6e8454b812&searchId=41928aa4-bd1f-4137-ac56-f1fd52786c74&sectionId=6938cd5c-c7a2-44ec-9095-8d5a27177e04;Best Manhattan View Photo Shoot;147;4.91;11
https://www.airbnb.com/experiences/256706?location=New%20York%2C%20United%20States&currentTab=experience_tab&federatedSearchId=57b2776c-f7c3-4f13-a41c-bd6e8454b812&searchId=41928aa4-bd1f-4137-ac56-f1fd52786c74&sectionId=6938cd5c-c7a2-44ec-9095-8d5a27177e04;Street Style Photo Shoot;274;4.91;46
https://www.airbnb.com/experiences/2318215?location=New%20York%2C%20United%20States&currentTab=experience_tab&federatedSearchId=5ede4bf8-0001-4f11-9d73-3cd9f37387d5&searchId=7f3a971f-a0a1-4920-912d-bf3bb2ba830e&sectionId=682e1afc-c097-460b-a047-d497557c9559;Brooklyn Bridge & dumbo Cinematic photo walk;27;4.9;40
https://www.airbnb.com/experiences/599107?location=New%20York%2C%20United%20States&currentTab=experience_tab&federatedSearchId=5ede4bf8-0001-4f11-9d73-3cd9f37387d5&searchId=7f3a971f-a0a1-4920-912d-bf3bb2ba830e&sectionId=682e1afc-c097-460b-a047-d497557c9559;Graffiti Workshop Brooklyn;42;4.9;746
https://www.airbnb.com/experiences/79145?location=New%20York%2C%20United%20States&currentTab=experience_tab&federatedSearchId=763e5883-cd15-41cc-90c2-9273bfebac1d&searchId=600e29fb-d46b-466a-9313-53109c05a7c8&sectionId=480e00d6-4226-4874-884d-245433a01fc5;Shop Secondhand in New York City with a Personal Shopper;90;4.9;278
https://www.airbnb.com/experiences/164829?location=New%20York%2C%20United%20States&currentTab=experience_tab&federatedSearchId=5591d7ff-0e73-4ddf-90f3-6d8985771231&searchId=42ce9647-9b1b-47fb-9da8-5e1c24efb645&sectionId=c177fc47-35e6-43a0-8ee9-e7131eae0a49;Wall St and Financial District Tour;32;4.9;298
https://www.airbnb.com/experiences/354676?location=New%20York%2C%20United%20States&currentTab=experience_tab&federatedSearchId=57b2776c-f7c3-4f13-a41c-bd6e8454b812&searchId=41928aa4-bd1f-4137-ac56-f1fd52786c74&sectionId=6938cd5c-c7a2-44ec-9095-8d5a27177e04;Explore Brooklyn's Street Art;32;4.9;146
https://www.airbnb.com/experiences/3479653?location=New%20York%2C%20United%20States&currentTab=experience_tab&federatedSearchId=dd0abbf1-ff83-4886-a0fa-2be24940a61b&searchId=21509724-2e38-475c-b3e0-a414744f17fc&sectionId=f3145ec7-f937-450c-8315-406c3ea192d2;Times Square Photo Shoot;147;4.9;10
https://www.airbnb.com/experiences/363152?location=New%20York%2C%20United%20States&currentTab=experience_tab&federatedSearchId=ed26f160-a298-463e-b608-807b39a52033&searchId=b63405ec-e1a0-46f7-9478-dffabebe5474&sectionId=cb45931f-8017-4453-a642-ac676124c2e8;Cinematic Street Fashion Video and Photo Shoot in New York;160;4.9;10
https://www.airbnb.com/experiences/2635092?location=New%20York%2C%20United%20States&currentTab=experience_tab&federatedSearchId=a60bb004-9323-4f42-a141-c48f2ac66c85&searchId=941cf844-af88-483a-8255-7b08e06eef56&sectionId=54ce7fa8-d4c0-464e-ae48-a7d3d099fde8;Sip and Terrarium, Workshop;136;4.9;21
https://www.airbnb.com/experiences/1567840?location=New%20York%2C%20United%20States&currentTab=experience_tab&federatedSearchId=44796828-c0df-4309-95ba-967f5eb6947d&searchId=e72b11ed-167b-47d4-b038-e7066f83feca&sectionId=e43ffeda-c498-4a35-80d5-36c5542f57f3;Private Photoshoot at World Famous Brooklyn Bridge/Dumbo;44;4.89;449
https://www.airbnb.com/experiences/1528657?location=New%20York%2C%20United%20States&currentTab=experience_tab&federatedSearchId=44796828-c0df-4309-95ba-967f5eb6947d&searchId=e72b11ed-167b-47d4-b038-e7066f83feca&sectionId=e43ffeda-c498-4a35-80d5-36c5542f57f3;Private Photoshoot in the World Famous Time Square;44;4.89;713
https://www.airbnb.com/experiences/577058?location=New%20York%2C%20United%20States&currentTab=experience_tab&federatedSearchId=68bdb554-b339-4041-9694-e5f2c40cf4d7&searchId=885ac543-a5b1-4f6f-96c4-f1449b6fcbc3&sectionId=52cca717-b38f-4c47-9bb5-232dee5f1bfd;See 30+ Top New York Sights.Fun Guide!;33;4.89;1280
https://www.airbnb.com/experiences/356565?location=New%20York%2C%20United%20States&currentTab=experience_tab&federatedSearchId=120934c4-ce90-4538-ac15-dae02b27d77d&searchId=920d765a-dc55-45d4-9f17-00fb8b35e2f7&sectionId=aff7c83c-c7d9-4df6-9e51-95675616988d;West Village Food Tour;82;4.89;54
https://www.airbnb.com/experiences/3903535?location=New%20York%2C%20United%20States&currentTab=experience_tab&federatedSearchId=a60bb004-9323-4f42-a141-c48f2ac66c85&searchId=941cf844-af88-483a-8255-7b08e06eef56&sectionId=54ce7fa8-d4c0-464e-ae48-a7d3d099fde8;Toast to the Sunset Yoga Class Overlooking Manhattan Skyline;69;4.89;9
https://www.airbnb.com/experiences/2938500?location=New%20York%2C%20United%20States&currentTab=experience_tab&federatedSearchId=a60bb004-9323-4f42-a141-c48f2ac66c85&searchId=941cf844-af88-483a-8255-7b08e06eef56&sectionId=54ce7fa8-d4c0-464e-ae48-a7d3d099fde8;Radical Cycling Tour Across the Brooklyn & Manhattan Bridges;64;4.89;9
https://www.airbnb.com/experiences/244996?location=New%20York%2C%20United%20States&currentTab=experience_tab&federatedSearchId=a60bb004-9323-4f42-a141-c48f2ac66c85&searchId=941cf844-af88-483a-8255-7b08e06eef56&sectionId=54ce7fa8-d4c0-464e-ae48-a7d3d099fde8;Photoshoot at iconic movie spots in NYC;182;4.89;94
https://www.airbnb.com/experiences/1443665?location=New%20York%2C%20United%20States&currentTab=experience_tab&federatedSearchId=44796828-c0df-4309-95ba-967f5eb6947d&searchId=e72b11ed-167b-47d4-b038-e7066f83feca&sectionId=e43ffeda-c498-4a35-80d5-36c5542f57f3;Private Photoshoot in the World Famous New York City;44;4.88;274
https://www.airbnb.com/experiences/394446?location=New%20York%2C%20United%20States&currentTab=experience_tab&federatedSearchId=14360057-058b-4163-ab0a-f726bcc5d8f0&searchId=0da25746-4218-45de-b7ec-5e9d16ffe4f8&sectionId=a327a493-fdbb-4aae-8e58-8415d75a137b;Harlem Beat of the Streets;46;4.88;69
https://www.airbnb.com/experiences/269616?location=New%20York%2C%20United%20States&currentTab=experience_tab&federatedSearchId=120934c4-ce90-4538-ac15-dae02b27d77d&searchId=920d765a-dc55-45d4-9f17-00fb8b35e2f7&sectionId=aff7c83c-c7d9-4df6-9e51-95675616988d;Fishing in New York City Central Park;46;4.88;104
https://www.airbnb.com/experiences/73865?location=New%20York%2C%20United%20States&currentTab=experience_tab&federatedSearchId=3e5c0aa3-088c-4916-9313-cf48aba06e7b&searchId=597d2331-e72c-461e-bb4a-e7e6be450f81&sectionId=f9856952-954e-479f-ac04-c59da751a55b;Harlem Jazz Tour;91;4.87;1342
https://www.airbnb.com/experiences/2257518?location=New%20York%2C%20United%20States&currentTab=experience_tab&federatedSearchId=5591d7ff-0e73-4ddf-90f3-6d8985771231&searchId=42ce9647-9b1b-47fb-9da8-5e1c24efb645&sectionId=c177fc47-35e6-43a0-8ee9-e7131eae0a49;The Tiny Cupboard's Stand Up Comedy Show;10;4.87;438
https://www.airbnb.com/experiences/503918?location=New%20York%2C%20United%20States&currentTab=experience_tab&federatedSearchId=14360057-058b-4163-ab0a-f726bcc5d8f0&searchId=0da25746-4218-45de-b7ec-5e9d16ffe4f8&sectionId=a327a493-fdbb-4aae-8e58-8415d75a137b;Hamilton's Haunts and Hangouts;37;4.87;62
https://www.airbnb.com/experiences/757903?location=New%20York%2C%20United%20States&currentTab=experience_tab&federatedSearchId=14360057-058b-4163-ab0a-f726bcc5d8f0&searchId=0da25746-4218-45de-b7ec-5e9d16ffe4f8&sectionId=a327a493-fdbb-4aae-8e58-8415d75a137b;30+ NYC Sights In One Day! Kids Free!;55;4.87;115
https://www.airbnb.com/experiences/731215?location=New%20York%2C%20United%20States&currentTab=experience_tab&federatedSearchId=120934c4-ce90-4538-ac15-dae02b27d77d&searchId=920d765a-dc55-45d4-9f17-00fb8b35e2f7&sectionId=aff7c83c-c7d9-4df6-9e51-95675616988d;Brooklyn Bridge & Dumbo Food Tour;82;4.87;105
https://www.airbnb.com/experiences/189912?location=New%20York%2C%20United%20States&currentTab=experience_tab&federatedSearchId=0eaf44d1-67a1-4ffa-a17c-358a50807443&searchId=8e18fa11-fbce-42f3-bc6f-b64337a542cf&sectionId=932113b9-fd5f-453b-b031-3805bc80ca47;Street / Art, Gowanus;14;4.87;62
https://www.airbnb.com/experiences/659908?location=New%20York%2C%20United%20States&currentTab=experience_tab&federatedSearchId=44796828-c0df-4309-95ba-967f5eb6947d&searchId=e72b11ed-167b-47d4-b038-e7066f83feca&sectionId=e43ffeda-c498-4a35-80d5-36c5542f57f3;Three Locations New York Photo Shoot & Reels;60;4.86;221
https://www.airbnb.com/experiences/106510?location=New%20York%2C%20United%20States&currentTab=experience_tab&federatedSearchId=5ede4bf8-0001-4f11-9d73-3cd9f37387d5&searchId=7f3a971f-a0a1-4920-912d-bf3bb2ba830e&sectionId=682e1afc-c097-460b-a047-d497557c9559;New York Mafia Experience- Detective Guided Insider’s Story;111;4.86;2021
https://www.airbnb.com/experiences/240574?location=New%20York%2C%20United%20States&currentTab=experience_tab&federatedSearchId=763e5883-cd15-41cc-90c2-9273bfebac1d&searchId=600e29fb-d46b-466a-9313-53109c05a7c8&sectionId=480e00d6-4226-4874-884d-245433a01fc5;An African Dance & Cultural Experience;17;4.86;83
https://www.airbnb.com/experiences/2316091?location=New%20York%2C%20United%20States&currentTab=experience_tab&federatedSearchId=763e5883-cd15-41cc-90c2-9273bfebac1d&searchId=600e29fb-d46b-466a-9313-53109c05a7c8&sectionId=480e00d6-4226-4874-884d-245433a01fc5;The Slavery & Underground Railroad Walking Tour;45;4.86;7
https://www.airbnb.com/experiences/351924?location=New%20York%2C%20United%20States&currentTab=experience_tab&federatedSearchId=ed26f160-a298-463e-b608-807b39a52033&searchId=b63405ec-e1a0-46f7-9478-dffabebe5474&sectionId=cb45931f-8017-4453-a642-ac676124c2e8;Street Art Pilgrimage in Bushwick;30;4.86;42
https://www.airbnb.com/experiences/123876?location=New%20York%2C%20United%20States&currentTab=experience_tab&federatedSearchId=14360057-058b-4163-ab0a-f726bcc5d8f0&searchId=0da25746-4218-45de-b7ec-5e9d16ffe4f8&sectionId=a327a493-fdbb-4aae-8e58-8415d75a137b;World Trade Center Tour;32;4.85;283
https://www.airbnb.com/experiences/598678?location=New%20York%2C%20United%20States&currentTab=experience_tab&federatedSearchId=5ede4bf8-0001-4f11-9d73-3cd9f37387d5&searchId=7f3a971f-a0a1-4920-912d-bf3bb2ba830e&sectionId=682e1afc-c097-460b-a047-d497557c9559;See The Main Sights Manhattan Tour;26;4.84;326
https://www.airbnb.com/experiences/1006557?location=New%20York%2C%20United%20States&currentTab=experience_tab&federatedSearchId=3e5c0aa3-088c-4916-9313-cf48aba06e7b&searchId=597d2331-e72c-461e-bb4a-e7e6be450f81&sectionId=f9856952-954e-479f-ac04-c59da751a55b;Famous Photo, Boat & Food Tour to Brooklyn;22;4.84;394
https://www.airbnb.com/experiences/888274?location=New%20York%2C%20United%20States&currentTab=experience_tab&federatedSearchId=14360057-058b-4163-ab0a-f726bcc5d8f0&searchId=0da25746-4218-45de-b7ec-5e9d16ffe4f8&sectionId=a327a493-fdbb-4aae-8e58-8415d75a137b;Greenwich Village Donut Adventure by Underground Donut Tour;83;4.84;172
https://www.airbnb.com/experiences/46202?location=New%20York%2C%20United%20States&currentTab=experience_tab&federatedSearchId=dd0abbf1-ff83-4886-a0fa-2be24940a61b&searchId=21509724-2e38-475c-b3e0-a414744f17fc&sectionId=f3145ec7-f937-450c-8315-406c3ea192d2;Harlem history with a community leader;37;4.84;564
https://www.airbnb.com/experiences/232387?location=New%20York%2C%20United%20States&currentTab=experience_tab&federatedSearchId=120934c4-ce90-4538-ac15-dae02b27d77d&searchId=920d765a-dc55-45d4-9f17-00fb8b35e2f7&sectionId=aff7c83c-c7d9-4df6-9e51-95675616988d;Downtown Manhattan Tour in French;63;4.84;62
https://www.airbnb.com/experiences/1413504?location=New%20York%2C%20United%20States&currentTab=experience_tab&federatedSearchId=44796828-c0df-4309-95ba-967f5eb6947d&searchId=e72b11ed-167b-47d4-b038-e7066f83feca&sectionId=e43ffeda-c498-4a35-80d5-36c5542f57f3;Speakeasy and secret bar tour;28;4.83;1261
https://www.airbnb.com/experiences/848299?location=New%20York%2C%20United%20States&currentTab=experience_tab&federatedSearchId=3e5c0aa3-088c-4916-9313-cf48aba06e7b&searchId=597d2331-e72c-461e-bb4a-e7e6be450f81&sectionId=f9856952-954e-479f-ac04-c59da751a55b;Eat 4 New York Foods & See 30+ Sights!;58;4.83;151
https://www.airbnb.com/experiences/311122?location=New%20York%2C%20United%20States&currentTab=experience_tab&federatedSearchId=763e5883-cd15-41cc-90c2-9273bfebac1d&searchId=600e29fb-d46b-466a-9313-53109c05a7c8&sectionId=480e00d6-4226-4874-884d-245433a01fc5;Secrets of New York Private Walking Tour;63;4.83;196
https://www.airbnb.com/experiences/847787?location=New%20York%2C%20United%20States&currentTab=experience_tab&federatedSearchId=763e5883-cd15-41cc-90c2-9273bfebac1d&searchId=600e29fb-d46b-466a-9313-53109c05a7c8&sectionId=480e00d6-4226-4874-884d-245433a01fc5;Coffee with a psychic;74;4.83;82
https://www.airbnb.com/experiences/1395028?location=New%20York%2C%20United%20States&currentTab=experience_tab&federatedSearchId=57b2776c-f7c3-4f13-a41c-bd6e8454b812&searchId=41928aa4-bd1f-4137-ac56-f1fd52786c74&sectionId=6938cd5c-c7a2-44ec-9095-8d5a27177e04;Metropolitan Museum of Art Guided Tour;112;4.83;53
https://www.airbnb.com/experiences/92344?location=New%20York%2C%20United%20States&currentTab=experience_tab&federatedSearchId=5ede4bf8-0001-4f11-9d73-3cd9f37387d5&searchId=7f3a971f-a0a1-4920-912d-bf3bb2ba830e&sectionId=682e1afc-c097-460b-a047-d497557c9559;Broadway Behind-the-Scenes Tour;54;4.82;177
https://www.airbnb.com/experiences/842735?location=New%20York%2C%20United%20States&currentTab=experience_tab&federatedSearchId=763e5883-cd15-41cc-90c2-9273bfebac1d&searchId=600e29fb-d46b-466a-9313-53109c05a7c8&sectionId=480e00d6-4226-4874-884d-245433a01fc5;Live at The Harlem Flophouse;23;4.82;33
https://www.airbnb.com/experiences/565385?location=New%20York%2C%20United%20States&currentTab=experience_tab&federatedSearchId=dd0abbf1-ff83-4886-a0fa-2be24940a61b&searchId=21509724-2e38-475c-b3e0-a414744f17fc&sectionId=f3145ec7-f937-450c-8315-406c3ea192d2;The Lower East Side Food Tour;82;4.82;55
https://www.airbnb.com/experiences/2720397?location=New%20York%2C%20United%20States&currentTab=experience_tab&federatedSearchId=68bdb554-b339-4041-9694-e5f2c40cf4d7&searchId=885ac543-a5b1-4f6f-96c4-f1449b6fcbc3&sectionId=52cca717-b38f-4c47-9bb5-232dee5f1bfd;Exclusive Stand Up Comedy Show;5;4.81;192
https://www.airbnb.com/experiences/1530170?location=New%20York%2C%20United%20States&currentTab=experience_tab&federatedSearchId=5ede4bf8-0001-4f11-9d73-3cd9f37387d5&searchId=7f3a971f-a0a1-4920-912d-bf3bb2ba830e&sectionId=682e1afc-c097-460b-a047-d497557c9559;NYC Gangsters and Ghosts Tour;32;4.81;297
https://www.airbnb.com/experiences/714299?location=New%20York%2C%20United%20States&currentTab=experience_tab&federatedSearchId=96101f26-db0f-4bc8-8ab1-9eee4df23b17&searchId=ccf4c5f4-145e-48a9-91bf-e40e90cd8087&sectionId=44999ff3-4004-4be4-b67b-d66562a0dc52;Comedy/Variety Show in New York's Oldest Music/Record Store;23;4.81;31
https://www.airbnb.com/experiences/85642?location=New%20York%2C%20United%20States&currentTab=experience_tab&federatedSearchId=57b2776c-f7c3-4f13-a41c-bd6e8454b812&searchId=41928aa4-bd1f-4137-ac56-f1fd52786c74&sectionId=6938cd5c-c7a2-44ec-9095-8d5a27177e04;Greenwich Village Jazz Tour;119;4.81;21
https://www.airbnb.com/experiences/99094?location=New%20York%2C%20United%20States&currentTab=experience_tab&federatedSearchId=44796828-c0df-4309-95ba-967f5eb6947d&searchId=e72b11ed-167b-47d4-b038-e7066f83feca&sectionId=e43ffeda-c498-4a35-80d5-36c5542f57f3;Fall in love with Brooklyn nightlife - Williamsburg Crawl;27;4.8;663
https://www.airbnb.com/experiences/3727498?location=New%20York%2C%20United%20States&currentTab=experience_tab&federatedSearchId=68bdb554-b339-4041-9694-e5f2c40cf4d7&searchId=885ac543-a5b1-4f6f-96c4-f1449b6fcbc3&sectionId=52cca717-b38f-4c47-9bb5-232dee5f1bfd;Food Tour of Chinatown & Little Italy in New York City;64;4.8;110
https://www.airbnb.com/experiences/853747?location=New%20York%2C%20United%20States&currentTab=experience_tab&federatedSearchId=5ede4bf8-0001-4f11-9d73-3cd9f37387d5&searchId=7f3a971f-a0a1-4920-912d-bf3bb2ba830e&sectionId=682e1afc-c097-460b-a047-d497557c9559;See 20+ Top New York Sights.Fun Guide!;26;4.8;214
https://www.airbnb.com/experiences/88519?location=New%20York%2C%20United%20States&currentTab=experience_tab&federatedSearchId=5591d7ff-0e73-4ddf-90f3-6d8985771231&searchId=42ce9647-9b1b-47fb-9da8-5e1c24efb645&sectionId=c177fc47-35e6-43a0-8ee9-e7131eae0a49;NYC Mystical Tour;64;4.8;25
https://www.airbnb.com/experiences/992747?location=New%20York%2C%20United%20States&currentTab=experience_tab&federatedSearchId=14360057-058b-4163-ab0a-f726bcc5d8f0&searchId=0da25746-4218-45de-b7ec-5e9d16ffe4f8&sectionId=a327a493-fdbb-4aae-8e58-8415d75a137b;Unique History & Food in Flatiron;72;4.8;10
https://www.airbnb.com/experiences/4888466?location=New%20York%2C%20United%20States&currentTab=experience_tab&federatedSearchId=57b2776c-f7c3-4f13-a41c-bd6e8454b812&searchId=41928aa4-bd1f-4137-ac56-f1fd52786c74&sectionId=6938cd5c-c7a2-44ec-9095-8d5a27177e04;Artisan Hands-On Bagel Baking Class;137;4.8;5
https://www.airbnb.com/experiences/1305139?location=New%20York%2C%20United%20States&currentTab=experience_tab&federatedSearchId=68bdb554-b339-4041-9694-e5f2c40cf4d7&searchId=885ac543-a5b1-4f6f-96c4-f1449b6fcbc3&sectionId=52cca717-b38f-4c47-9bb5-232dee5f1bfd;Rooftop Bar & Lounge Night Out Midtown;32;4.79;43
https://www.airbnb.com/experiences/346987?location=New%20York%2C%20United%20States&currentTab=experience_tab&federatedSearchId=763e5883-cd15-41cc-90c2-9273bfebac1d&searchId=600e29fb-d46b-466a-9313-53109c05a7c8&sectionId=480e00d6-4226-4874-884d-245433a01fc5;Explore Brooklyn Bridge Bike Tour;44;4.79;160
https://www.airbnb.com/experiences/1071278?location=New%20York%2C%20United%20States&currentTab=experience_tab&federatedSearchId=763e5883-cd15-41cc-90c2-9273bfebac1d&searchId=600e29fb-d46b-466a-9313-53109c05a7c8&sectionId=480e00d6-4226-4874-884d-245433a01fc5;Secrets of Grand Central Terminal Tour;29;4.79;259
https://www.airbnb.com/experiences/1079648?location=New%20York%2C%20United%20States&currentTab=experience_tab&federatedSearchId=031742ae-c760-4d1c-9d66-43aab4b745fe&searchId=f875ebf6-347c-421a-b33d-f55e2f31a5ed&sectionId=d6211bd6-4379-44e8-a967-a9be20e481b1;Authentic NYC Chinatown dim sum;103;4.79;19
https://www.airbnb.com/experiences/598649?location=New%20York%2C%20United%20States&currentTab=experience_tab&federatedSearchId=5ede4bf8-0001-4f11-9d73-3cd9f37387d5&searchId=7f3a971f-a0a1-4920-912d-bf3bb2ba830e&sectionId=682e1afc-c097-460b-a047-d497557c9559;Little Italy China Town & Wall St Tour;26;4.77;160
https://www.airbnb.com/experiences/418104?location=New%20York%2C%20United%20States&currentTab=experience_tab&federatedSearchId=5591d7ff-0e73-4ddf-90f3-6d8985771231&searchId=42ce9647-9b1b-47fb-9da8-5e1c24efb645&sectionId=c177fc47-35e6-43a0-8ee9-e7131eae0a49;Art of Sumi-E, Japanese ink painting class;37;4.77;35
https://www.airbnb.com/experiences/94326?location=New%20York%2C%20United%20States&currentTab=experience_tab&federatedSearchId=ed26f160-a298-463e-b608-807b39a52033&searchId=b63405ec-e1a0-46f7-9478-dffabebe5474&sectionId=cb45931f-8017-4453-a642-ac676124c2e8;Farmer's market tour and cooking class;91;4.76;46
https://www.airbnb.com/experiences/403234?location=New%20York%2C%20United%20States&currentTab=experience_tab&federatedSearchId=96101f26-db0f-4bc8-8ab1-9eee4df23b17&searchId=ccf4c5f4-145e-48a9-91bf-e40e90cd8087&sectionId=44999ff3-4004-4be4-b67b-d66562a0dc52;Iconic Bars & Beautiful Rooftops;45;4.75;187
https://www.airbnb.com/experiences/4581299?location=New%20York%2C%20United%20States&currentTab=experience_tab&federatedSearchId=dd0abbf1-ff83-4886-a0fa-2be24940a61b&searchId=21509724-2e38-475c-b3e0-a414744f17fc&sectionId=f3145ec7-f937-450c-8315-406c3ea192d2;Skyline Tour of New York City;55;4.75;4
https://www.airbnb.com/experiences/4423042?location=New%20York%2C%20United%20States&currentTab=experience_tab&federatedSearchId=763e5883-cd15-41cc-90c2-9273bfebac1d&searchId=600e29fb-d46b-466a-9313-53109c05a7c8&sectionId=480e00d6-4226-4874-884d-245433a01fc5;Discover East Village's most hidden Speakeasies-bars;28;4.74;34
https://www.airbnb.com/experiences/992847?location=New%20York%2C%20United%20States&currentTab=experience_tab&federatedSearchId=031742ae-c760-4d1c-9d66-43aab4b745fe&searchId=f875ebf6-347c-421a-b33d-f55e2f31a5ed&sectionId=d6211bd6-4379-44e8-a967-a9be20e481b1;Chelsea Market and High Line Food & Fun;72;4.73;84
https://www.airbnb.com/experiences/185749?location=New%20York%2C%20United%20States&currentTab=experience_tab&federatedSearchId=031742ae-c760-4d1c-9d66-43aab4b745fe&searchId=f875ebf6-347c-421a-b33d-f55e2f31a5ed&sectionId=d6211bd6-4379-44e8-a967-a9be20e481b1;Made in Brooklyn Tour®;22;4.72;18
https://www.airbnb.com/experiences/2164870?location=New%20York%2C%20United%20States&currentTab=experience_tab&federatedSearchId=5591d7ff-0e73-4ddf-90f3-6d8985771231&searchId=42ce9647-9b1b-47fb-9da8-5e1c24efb645&sectionId=c177fc47-35e6-43a0-8ee9-e7131eae0a49;Nyc Central Park E Scooter Tour;58;4.71;41
https://www.airbnb.com/experiences/179865?location=New%20York%2C%20United%20States&currentTab=experience_tab&federatedSearchId=5591d7ff-0e73-4ddf-90f3-6d8985771231&searchId=42ce9647-9b1b-47fb-9da8-5e1c24efb645&sectionId=c177fc47-35e6-43a0-8ee9-e7131eae0a49;Dueling Pianos- An All-Request Party;37;4.71;59
https://www.airbnb.com/experiences/194337?location=New%20York%2C%20United%20States&currentTab=experience_tab&federatedSearchId=57b2776c-f7c3-4f13-a41c-bd6e8454b812&searchId=41928aa4-bd1f-4137-ac56-f1fd52786c74&sectionId=6938cd5c-c7a2-44ec-9095-8d5a27177e04;Fifth & Park Film/Fiction Walking Tour;69;4.71;35
https://www.airbnb.com/experiences/873943?location=New%20York%2C%20United%20States&currentTab=experience_tab&federatedSearchId=57b2776c-f7c3-4f13-a41c-bd6e8454b812&searchId=41928aa4-bd1f-4137-ac56-f1fd52786c74&sectionId=6938cd5c-c7a2-44ec-9095-8d5a27177e04;New York City Highlights Bike Tour;60;4.7;40
https://www.airbnb.com/experiences/392961?location=New%20York%2C%20United%20States&currentTab=experience_tab&federatedSearchId=14360057-058b-4163-ab0a-f726bcc5d8f0&searchId=0da25746-4218-45de-b7ec-5e9d16ffe4f8&sectionId=a327a493-fdbb-4aae-8e58-8415d75a137b;New Yorker Helicopter Tour 12-15 min;273;4.68;133
https://www.airbnb.com/experiences/661866?location=New%20York%2C%20United%20States&currentTab=experience_tab&federatedSearchId=a60bb004-9323-4f42-a141-c48f2ac66c85&searchId=941cf844-af88-483a-8255-7b08e06eef56&sectionId=54ce7fa8-d4c0-464e-ae48-a7d3d099fde8;Chocolate Truffle Making Class;91;4.67;3
https://www.airbnb.com/experiences/1086276?location=New%20York%2C%20United%20States&currentTab=experience_tab&federatedSearchId=fb9a8f77-70b8-494c-b4ea-1cdcf3384bed&searchId=953c8476-6ec9-40cd-a3a1-43f478d23017&sectionId=598cadf6-c503-4a2f-8aea-9047eeb226a8;Plant Based Ravioli Cooking Classes;110;4.67;3
https://www.airbnb.com/experiences/1463716?location=New%20York%2C%20United%20States&currentTab=experience_tab&federatedSearchId=5ede4bf8-0001-4f11-9d73-3cd9f37387d5&searchId=7f3a971f-a0a1-4920-912d-bf3bb2ba830e&sectionId=682e1afc-c097-460b-a047-d497557c9559;Central Park Bike Tours;36;4.65;60
https://www.airbnb.com/experiences/779455?location=New%20York%2C%20United%20States&currentTab=experience_tab&federatedSearchId=96101f26-db0f-4bc8-8ab1-9eee4df23b17&searchId=ccf4c5f4-145e-48a9-91bf-e40e90cd8087&sectionId=44999ff3-4004-4be4-b67b-d66562a0dc52;Ultimate Speakeasy Pub & History Tour;32;4.61;70
https://www.airbnb.com/experiences/316457?location=New%20York%2C%20United%20States&currentTab=experience_tab&federatedSearchId=031742ae-c760-4d1c-9d66-43aab4b745fe&searchId=f875ebf6-347c-421a-b33d-f55e2f31a5ed&sectionId=d6211bd6-4379-44e8-a967-a9be20e481b1;Highlights of Central Park Bike Tour;44;4.58;417
https://www.airbnb.com/experiences/2775154?location=New%20York%2C%20United%20States&currentTab=experience_tab&federatedSearchId=031742ae-c760-4d1c-9d66-43aab4b745fe&searchId=f875ebf6-347c-421a-b33d-f55e2f31a5ed&sectionId=d6211bd6-4379-44e8-a967-a9be20e481b1;Central Park Electric Bike Tour;58;4.53;36
https://www.airbnb.com/experiences/992569?location=New%20York%2C%20United%20States&currentTab=experience_tab&federatedSearchId=ed26f160-a298-463e-b608-807b39a52033&searchId=b63405ec-e1a0-46f7-9478-dffabebe5474&sectionId=cb45931f-8017-4453-a642-ac676124c2e8;Explore Williamsburg BK thru Food;72;4.5;12
https://www.airbnb.com/experiences/1398046?location=New%20York%2C%20United%20States&currentTab=experience_tab&federatedSearchId=fb9a8f77-70b8-494c-b4ea-1cdcf3384bed&searchId=953c8476-6ec9-40cd-a3a1-43f478d23017&sectionId=598cadf6-c503-4a2f-8aea-9047eeb226a8;Washington DC & Philadelphia in One Day;173;4.43;7
https://www.airbnb.com/experiences/65826?location=New%20York%2C%20United%20States&currentTab=experience_tab&federatedSearchId=a60bb004-9323-4f42-a141-c48f2ac66c85&searchId=941cf844-af88-483a-8255-7b08e06eef56&sectionId=54ce7fa8-d4c0-464e-ae48-a7d3d099fde8;Guided Tour of Brooklyn in French!;63;4.41;44
https://www.airbnb.com/experiences/1571409?location=New%20York%2C%20United%20States&currentTab=experience_tab&federatedSearchId=a60bb004-9323-4f42-a141-c48f2ac66c85&searchId=941cf844-af88-483a-8255-7b08e06eef56&sectionId=54ce7fa8-d4c0-464e-ae48-a7d3d099fde8;Bus tour to Harlem, Bronx, Queens & Brooklyn;77;4;7
https://www.airbnb.com/experiences/1373740?location=New%20York%2C%20United%20States&currentTab=experience_tab&federatedSearchId=fb9a8f77-70b8-494c-b4ea-1cdcf3384bed&searchId=953c8476-6ec9-40cd-a3a1-43f478d23017&sectionId=598cadf6-c503-4a2f-8aea-9047eeb226a8;Niagara Falls in one day;272;4;4
https://www.airbnb.com/experiences/1345158?location=New%20York%2C%20United%20States&currentTab=experience_tab&federatedSearchId=57b2776c-f7c3-4f13-a41c-bd6e8454b812&searchId=41928aa4-bd1f-4137-ac56-f1fd52786c74&sectionId=6938cd5c-c7a2-44ec-9095-8d5a27177e04;Explore Creative Williamsburg;51;3.67;3
